{
  "type": "FeatureCollection",
  "name": "Ciclovias_Talca_OSM",
  "crs": {
    "type": "name",
    "properties": {
      "name": "urn:ogc:def:crs:OGC:1.3:CRS84"
    }
  },
  "metadata": {
    "city": "talca",
    "source": "OpenStreetMap Contributors",
    "source_type": "open_data",
    "verified_in_situ": false,
    "extracted_at": "2026-09-09T20:02:05.555831+00:00",
    "total_features": 214,
    "total_km": 73.33
  },
  "features": [
    {
      "type": "Feature",
      "id": "osm-34108241",
      "properties": {
        "id": "talca-osm-34108241",
        "name": "Avenida 5 Oriente",
        "has_custom_name": true,
        "type": "Infraestructura ciclista sobre calle (segregada / track)",
        "category": "on_street",
        "highway": "tertiary",
        "surface": "concrete",
        "surface_display": "concrete",
        "segregated": null,
        "segregated_display": "Sin información",
        "oneway": "no",
        "length_m": 88.9,
        "length_km": 0.09,
        "source": "OpenStreetMap Contributors",
        "source_id": 34108241,
        "is_demo": false,
        "raw_osm_tags": {
          "cycleway:left": "track",
          "highway": "tertiary",
          "lanes": "2",
          "lit": "yes",
          "maxspeed": "50",
          "name": "Avenida 5 Oriente",
          "oneway": "no",
          "surface": "concrete"
        }
      },
      "geometry": {
        "type": "LineString",
        "coordinates": [
          [
            -71.65325,
            -35.403915
          ],
          [
            -71.653184,
            -35.403706
          ],
          [
            -71.653005,
            -35.403141
          ]
        ]
      }
    },
    {
      "type": "Feature",
      "id": "osm-71189052",
      "properties": {
        "id": "talca-osm-71189052",
        "name": "18 Oriente",
        "has_custom_name": true,
        "type": "Infraestructura ciclista sobre calle (segregada / track)",
        "category": "on_street",
        "highway": "tertiary",
        "surface": "concrete",
        "surface_display": "concrete",
        "segregated": null,
        "segregated_display": "Sin información",
        "oneway": null,
        "length_m": 498.6,
        "length_km": 0.5,
        "source": "OpenStreetMap Contributors",
        "source_id": 71189052,
        "is_demo": false,
        "raw_osm_tags": {
          "cycleway:right": "track",
          "cycleway:right:oneway": "no",
          "highway": "tertiary",
          "lanes": "2",
          "lit": "yes",
          "maxspeed": "50",
          "name": "18 Oriente",
          "surface": "concrete"
        }
      },
      "geometry": {
        "type": "LineString",
        "coordinates": [
          [
            -71.637297,
            -35.423721
          ],
          [
            -71.637218,
            -35.423566
          ],
          [
            -71.637179,
            -35.423477
          ],
          [
            -71.637085,
            -35.423243
          ],
          [
            -71.636818,
            -35.422578
          ],
          [
            -71.636793,
            -35.422514
          ],
          [
            -71.636778,
            -35.422477
          ],
          [
            -71.636524,
            -35.421845
          ],
          [
            -71.636305,
            -35.421307
          ],
          [
            -71.636149,
            -35.420924
          ],
          [
            -71.636048,
            -35.42067
          ],
          [
            -71.635949,
            -35.420412
          ],
          [
            -71.635777,
            -35.419988
          ],
          [
            -71.635572,
            -35.419464
          ]
        ]
      }
    },
    {
      "type": "Feature",
      "id": "osm-102209874",
      "properties": {
        "id": "talca-osm-102209874",
        "name": "Calle 10 Oriente",
        "has_custom_name": true,
        "type": "Infraestructura ciclista sobre calle (ciclobanda / lane)",
        "category": "on_street",
        "highway": "residential",
        "surface": "concrete",
        "surface_display": "concrete",
        "segregated": null,
        "segregated_display": "Sin información",
        "oneway": "yes",
        "length_m": 118.5,
        "length_km": 0.12,
        "source": "OpenStreetMap Contributors",
        "source_id": 102209874,
        "is_demo": false,
        "raw_osm_tags": {
          "cycleway:left": "lane",
          "highway": "residential",
          "lanes": "2",
          "lit": "yes",
          "name": "Calle 10 Oriente",
          "oneway": "yes",
          "surface": "concrete"
        }
      },
      "geometry": {
        "type": "LineString",
        "coordinates": [
          [
            -71.656026,
            -35.449797
          ],
          [
            -71.656241,
            -35.449026
          ],
          [
            -71.656318,
            -35.448758
          ]
        ]
      }
    },
    {
      "type": "Feature",
      "id": "osm-102212606",
      "properties": {
        "id": "talca-osm-102212606",
        "name": "Calle 10 Oriente",
        "has_custom_name": true,
        "type": "Infraestructura ciclista sobre calle (ciclobanda / lane)",
        "category": "on_street",
        "highway": "secondary",
        "surface": "concrete",
        "surface_display": "concrete",
        "segregated": null,
        "segregated_display": "Sin información",
        "oneway": "yes",
        "length_m": 587.7,
        "length_km": 0.59,
        "source": "OpenStreetMap Contributors",
        "source_id": 102212606,
        "is_demo": false,
        "raw_osm_tags": {
          "cycleway:left": "lane",
          "highway": "secondary",
          "lanes": "2",
          "lit": "yes",
          "maxspeed": "50",
          "name": "Calle 10 Oriente",
          "oneway": "yes",
          "surface": "concrete"
        }
      },
      "geometry": {
        "type": "LineString",
        "coordinates": [
          [
            -71.652305,
            -35.44044
          ],
          [
            -71.652362,
            -35.440507
          ],
          [
            -71.652387,
            -35.440524
          ],
          [
            -71.652444,
            -35.440605
          ],
          [
            -71.652474,
            -35.440666
          ],
          [
            -71.652517,
            -35.440742
          ],
          [
            -71.652551,
            -35.440822
          ],
          [
            -71.65258,
            -35.4409
          ],
          [
            -71.652932,
            -35.441932
          ],
          [
            -71.653265,
            -35.442938
          ],
          [
            -71.653283,
            -35.442994
          ],
          [
            -71.653529,
            -35.443745
          ],
          [
            -71.653682,
            -35.444206
          ],
          [
            -71.653717,
            -35.44429
          ],
          [
            -71.653742,
            -35.444338
          ],
          [
            -71.653773,
            -35.44439
          ],
          [
            -71.654203,
            -35.445064
          ],
          [
            -71.654422,
            -35.445398
          ],
          [
            -71.654426,
            -35.445403
          ]
        ]
      }
    },
    {
      "type": "Feature",
      "id": "osm-110458877",
      "properties": {
        "id": "talca-osm-110458877",
        "name": "Avenida 5 Oriente",
        "has_custom_name": true,
        "type": "Infraestructura ciclista sobre calle (segregada / track)",
        "category": "on_street",
        "highway": "tertiary",
        "surface": "concrete",
        "surface_display": "concrete",
        "segregated": null,
        "segregated_display": "Sin información",
        "oneway": "no",
        "length_m": 826.6,
        "length_km": 0.83,
        "source": "OpenStreetMap Contributors",
        "source_id": 110458877,
        "is_demo": false,
        "raw_osm_tags": {
          "cycleway:left": "track",
          "highway": "tertiary",
          "lanes": "2",
          "lit": "yes",
          "maxspeed": "50",
          "name": "Avenida 5 Oriente",
          "oneway": "no",
          "surface": "concrete"
        }
      },
      "geometry": {
        "type": "LineString",
        "coordinates": [
          [
            -71.653606,
            -35.405061
          ],
          [
            -71.653639,
            -35.405148
          ],
          [
            -71.653664,
            -35.405212
          ],
          [
            -71.653741,
            -35.405394
          ],
          [
            -71.653758,
            -35.405435
          ],
          [
            -71.653788,
            -35.405496
          ],
          [
            -71.653815,
            -35.405543
          ],
          [
            -71.653845,
            -35.405589
          ],
          [
            -71.654502,
            -35.40649
          ],
          [
            -71.655732,
            -35.408184
          ],
          [
            -71.656008,
            -35.408564
          ],
          [
            -71.656265,
            -35.408919
          ],
          [
            -71.657183,
            -35.410152
          ],
          [
            -71.658109,
            -35.411406
          ],
          [
            -71.65812,
            -35.411425
          ],
          [
            -71.658158,
            -35.411491
          ]
        ]
      }
    },
    {
      "type": "Feature",
      "id": "osm-110458979",
      "properties": {
        "id": "talca-osm-110458979",
        "name": "Avenida 5 Oriente",
        "has_custom_name": true,
        "type": "Infraestructura ciclista sobre calle (segregada / track)",
        "category": "on_street",
        "highway": "tertiary",
        "surface": "asphalt",
        "surface_display": "asphalt",
        "segregated": null,
        "segregated_display": "Sin información",
        "oneway": "no",
        "length_m": 178.5,
        "length_km": 0.18,
        "source": "OpenStreetMap Contributors",
        "source_id": 110458979,
        "is_demo": false,
        "raw_osm_tags": {
          "cycleway:left": "track",
          "highway": "tertiary",
          "lanes": "2",
          "lit": "yes",
          "maxspeed": "50",
          "name": "Avenida 5 Oriente",
          "oneway": "no",
          "surface": "asphalt"
        }
      },
      "geometry": {
        "type": "LineString",
        "coordinates": [
          [
            -71.652711,
            -35.402134
          ],
          [
            -71.652607,
            -35.401774
          ],
          [
            -71.652505,
            -35.401435
          ],
          [
            -71.652375,
            -35.40102
          ],
          [
            -71.652323,
            -35.400841
          ],
          [
            -71.652251,
            -35.400573
          ]
        ]
      }
    },
    {
      "type": "Feature",
      "id": "osm-110464041",
      "properties": {
        "id": "talca-osm-110464041",
        "name": "Avenida 12 Norte",
        "has_custom_name": true,
        "type": "Infraestructura ciclista sobre calle (segregada / track)",
        "category": "on_street",
        "highway": "secondary",
        "surface": "concrete",
        "surface_display": "concrete",
        "segregated": null,
        "segregated_display": "Sin información",
        "oneway": "yes",
        "length_m": 341.4,
        "length_km": 0.34,
        "source": "OpenStreetMap Contributors",
        "source_id": 110464041,
        "is_demo": false,
        "raw_osm_tags": {
          "cycleway:right": "track",
          "highway": "secondary",
          "lanes": "2",
          "lit": "yes",
          "maxspeed": "50",
          "name": "Avenida 12 Norte",
          "oneway": "yes",
          "surface": "concrete"
        }
      },
      "geometry": {
        "type": "LineString",
        "coordinates": [
          [
            -71.662882,
            -35.410193
          ],
          [
            -71.663295,
            -35.410074
          ],
          [
            -71.663578,
            -35.409994
          ],
          [
            -71.663844,
            -35.409918
          ],
          [
            -71.665524,
            -35.409415
          ],
          [
            -71.666423,
            -35.409145
          ]
        ]
      }
    },
    {
      "type": "Feature",
      "id": "osm-110464044",
      "properties": {
        "id": "talca-osm-110464044",
        "name": "Avenida 12 Norte",
        "has_custom_name": true,
        "type": "Infraestructura ciclista sobre calle (segregada / track)",
        "category": "on_street",
        "highway": "secondary",
        "surface": "concrete",
        "surface_display": "concrete",
        "segregated": null,
        "segregated_display": "Sin información",
        "oneway": "yes",
        "length_m": 344.2,
        "length_km": 0.34,
        "source": "OpenStreetMap Contributors",
        "source_id": 110464044,
        "is_demo": false,
        "raw_osm_tags": {
          "cycleway:right": "track",
          "highway": "secondary",
          "lanes": "2",
          "lit": "yes",
          "maxspeed": "50",
          "name": "Avenida 12 Norte",
          "oneway": "yes",
          "surface": "concrete"
        }
      },
      "geometry": {
        "type": "LineString",
        "coordinates": [
          [
            -71.666423,
            -35.409145
          ],
          [
            -71.666288,
            -35.409276
          ],
          [
            -71.666232,
            -35.409313
          ],
          [
            -71.666193,
            -35.409335
          ],
          [
            -71.666173,
            -35.409346
          ],
          [
            -71.666107,
            -35.409376
          ],
          [
            -71.666039,
            -35.409401
          ],
          [
            -71.665582,
            -35.409539
          ],
          [
            -71.665316,
            -35.409619
          ],
          [
            -71.664792,
            -35.409773
          ],
          [
            -71.664577,
            -35.409834
          ],
          [
            -71.663894,
            -35.410029
          ],
          [
            -71.663347,
            -35.410186
          ],
          [
            -71.662933,
            -35.410296
          ]
        ]
      }
    },
    {
      "type": "Feature",
      "id": "osm-116555789",
      "properties": {
        "id": "talca-osm-116555789",
        "name": "Calle 11 Oriente",
        "has_custom_name": true,
        "type": "Infraestructura ciclista sobre calle (segregada / track)",
        "category": "on_street",
        "highway": "secondary",
        "surface": "asphalt",
        "surface_display": "asphalt",
        "segregated": null,
        "segregated_display": "Sin información",
        "oneway": null,
        "length_m": 313.7,
        "length_km": 0.31,
        "source": "OpenStreetMap Contributors",
        "source_id": 116555789,
        "is_demo": false,
        "raw_osm_tags": {
          "cycleway:right": "track",
          "highway": "secondary",
          "lanes": "3",
          "lanes:backward": "2",
          "lanes:forward": "1",
          "lit": "yes",
          "maxspeed": "50",
          "name": "Calle 11 Oriente",
          "surface": "asphalt"
        }
      },
      "geometry": {
        "type": "LineString",
        "coordinates": [
          [
            -71.647988,
            -35.412712
          ],
          [
            -71.647717,
            -35.412411
          ],
          [
            -71.64754,
            -35.412207
          ],
          [
            -71.647461,
            -35.412116
          ],
          [
            -71.647218,
            -35.411837
          ],
          [
            -71.64712,
            -35.411723
          ],
          [
            -71.64704,
            -35.411631
          ],
          [
            -71.646998,
            -35.411583
          ],
          [
            -71.646965,
            -35.411551
          ],
          [
            -71.64692,
            -35.411512
          ],
          [
            -71.646693,
            -35.411318
          ],
          [
            -71.646399,
            -35.411067
          ],
          [
            -71.646111,
            -35.410821
          ],
          [
            -71.645816,
            -35.410569
          ],
          [
            -71.645792,
            -35.41054
          ]
        ]
      }
    },
    {
      "type": "Feature",
      "id": "osm-172679956",
      "properties": {
        "id": "talca-osm-172679956",
        "name": "Avenida 12 Norte",
        "has_custom_name": true,
        "type": "Infraestructura ciclista sobre calle (segregada / track)",
        "category": "on_street",
        "highway": "secondary",
        "surface": "concrete",
        "surface_display": "concrete",
        "segregated": null,
        "segregated_display": "Sin información",
        "oneway": "yes",
        "length_m": 82.5,
        "length_km": 0.08,
        "source": "OpenStreetMap Contributors",
        "source_id": 172679956,
        "is_demo": false,
        "raw_osm_tags": {
          "cycleway:right": "track",
          "highway": "secondary",
          "lanes": "2",
          "lit": "yes",
          "maxspeed": "50",
          "name": "Avenida 12 Norte",
          "oneway": "yes",
          "surface": "concrete"
        }
      },
      "geometry": {
        "type": "LineString",
        "coordinates": [
          [
            -71.653992,
            -35.412733
          ],
          [
            -71.653387,
            -35.412892
          ],
          [
            -71.653291,
            -35.412925
          ],
          [
            -71.653238,
            -35.412944
          ],
          [
            -71.653188,
            -35.412966
          ],
          [
            -71.653141,
            -35.412991
          ]
        ]
      }
    },
    {
      "type": "Feature",
      "id": "osm-172680012",
      "properties": {
        "id": "talca-osm-172680012",
        "name": "Calle 5 Oriente",
        "has_custom_name": true,
        "type": "Infraestructura ciclista sobre calle (segregada / track)",
        "category": "on_street",
        "highway": "tertiary",
        "surface": "concrete",
        "surface_display": "concrete",
        "segregated": null,
        "segregated_display": "Sin información",
        "oneway": "yes",
        "length_m": 424.5,
        "length_km": 0.42,
        "source": "OpenStreetMap Contributors",
        "source_id": 172680012,
        "is_demo": false,
        "raw_osm_tags": {
          "cycleway:right": "track",
          "highway": "tertiary",
          "lanes": "2",
          "lit": "yes",
          "maxspeed": "50",
          "name": "Calle 5 Oriente",
          "oneway": "yes",
          "source:maxspeed": "CL:urban",
          "surface": "concrete"
        }
      },
      "geometry": {
        "type": "LineString",
        "coordinates": [
          [
            -71.658485,
            -35.411982
          ],
          [
            -71.658538,
            -35.412057
          ],
          [
            -71.658568,
            -35.412106
          ],
          [
            -71.65859,
            -35.412157
          ],
          [
            -71.658603,
            -35.412202
          ],
          [
            -71.65861,
            -35.412247
          ],
          [
            -71.658619,
            -35.412358
          ],
          [
            -71.658694,
            -35.413297
          ],
          [
            -71.658791,
            -35.414557
          ],
          [
            -71.65887,
            -35.415589
          ],
          [
            -71.658884,
            -35.415771
          ]
        ]
      }
    },
    {
      "type": "Feature",
      "id": "osm-224702470",
      "properties": {
        "id": "talca-osm-224702470",
        "name": "Calle 10 Oriente",
        "has_custom_name": true,
        "type": "Infraestructura ciclista sobre calle (ciclobanda / lane)",
        "category": "on_street",
        "highway": "secondary",
        "surface": "concrete",
        "surface_display": "concrete",
        "segregated": null,
        "segregated_display": "Sin información",
        "oneway": "yes",
        "length_m": 588.7,
        "length_km": 0.59,
        "source": "OpenStreetMap Contributors",
        "source_id": 224702470,
        "is_demo": false,
        "raw_osm_tags": {
          "cycleway:left": "lane",
          "highway": "secondary",
          "lanes": "2",
          "lit": "yes",
          "maxspeed": "50",
          "name": "Calle 10 Oriente",
          "oneway": "yes",
          "surface": "concrete"
        }
      },
      "geometry": {
        "type": "LineString",
        "coordinates": [
          [
            -71.654294,
            -35.445458
          ],
          [
            -71.65391,
            -35.444845
          ],
          [
            -71.653678,
            -35.444483
          ],
          [
            -71.653656,
            -35.44444
          ],
          [
            -71.653645,
            -35.444423
          ],
          [
            -71.653614,
            -35.444368
          ],
          [
            -71.653588,
            -35.444314
          ],
          [
            -71.653566,
            -35.444259
          ],
          [
            -71.653405,
            -35.443779
          ],
          [
            -71.653157,
            -35.443025
          ],
          [
            -71.653087,
            -35.442831
          ],
          [
            -71.652951,
            -35.442409
          ],
          [
            -71.652813,
            -35.441993
          ],
          [
            -71.652669,
            -35.441554
          ],
          [
            -71.652543,
            -35.441159
          ],
          [
            -71.652465,
            -35.440918
          ],
          [
            -71.652367,
            -35.440618
          ],
          [
            -71.652351,
            -35.440553
          ],
          [
            -71.652334,
            -35.440509
          ],
          [
            -71.652305,
            -35.44044
          ]
        ]
      }
    },
    {
      "type": "Feature",
      "id": "osm-282396154",
      "properties": {
        "id": "talca-osm-282396154",
        "name": "Vía ciclista sin nombre",
        "has_custom_name": false,
        "type": "Vía ciclista dedicada",
        "category": "dedicated",
        "highway": "cycleway",
        "surface": null,
        "surface_display": "Sin información",
        "segregated": null,
        "segregated_display": "Sin información",
        "oneway": null,
        "length_m": 396.5,
        "length_km": 0.4,
        "source": "OpenStreetMap Contributors",
        "source_id": 282396154,
        "is_demo": false,
        "raw_osm_tags": {
          "highway": "cycleway"
        }
      },
      "geometry": {
        "type": "LineString",
        "coordinates": [
          [
            -71.645535,
            -35.425239
          ],
          [
            -71.645979,
            -35.425038
          ],
          [
            -71.646297,
            -35.424824
          ],
          [
            -71.646505,
            -35.424605
          ],
          [
            -71.646739,
            -35.424214
          ],
          [
            -71.646955,
            -35.423898
          ],
          [
            -71.647147,
            -35.423701
          ],
          [
            -71.647236,
            -35.423619
          ],
          [
            -71.647584,
            -35.423416
          ],
          [
            -71.647726,
            -35.423357
          ],
          [
            -71.647808,
            -35.423328
          ],
          [
            -71.647919,
            -35.423296
          ],
          [
            -71.648072,
            -35.423259
          ],
          [
            -71.648132,
            -35.423242
          ],
          [
            -71.648207,
            -35.423224
          ],
          [
            -71.648272,
            -35.42321
          ],
          [
            -71.648343,
            -35.423197
          ],
          [
            -71.648396,
            -35.423189
          ],
          [
            -71.648459,
            -35.423181
          ],
          [
            -71.648525,
            -35.423173
          ],
          [
            -71.648598,
            -35.423167
          ],
          [
            -71.648799,
            -35.423154
          ]
        ]
      }
    },
    {
      "type": "Feature",
      "id": "osm-356826235",
      "properties": {
        "id": "talca-osm-356826235",
        "name": "Vía ciclista sin nombre",
        "has_custom_name": false,
        "type": "Vía ciclista dedicada (segregada)",
        "category": "dedicated",
        "highway": "cycleway",
        "surface": "paved",
        "surface_display": "paved",
        "segregated": "yes",
        "segregated_display": "Segregada físicamente",
        "oneway": null,
        "length_m": 640.6,
        "length_km": 0.64,
        "source": "OpenStreetMap Contributors",
        "source_id": 356826235,
        "is_demo": false,
        "raw_osm_tags": {
          "foot": "designated",
          "highway": "cycleway",
          "lit": "yes",
          "segregated": "yes",
          "surface": "paved"
        }
      },
      "geometry": {
        "type": "LineString",
        "coordinates": [
          [
            -71.690444,
            -35.450997
          ],
          [
            -71.690476,
            -35.45033
          ],
          [
            -71.690482,
            -35.450233
          ],
          [
            -71.690484,
            -35.449922
          ],
          [
            -71.690491,
            -35.44983
          ],
          [
            -71.690548,
            -35.449529
          ],
          [
            -71.690549,
            -35.449353
          ],
          [
            -71.690514,
            -35.449183
          ],
          [
            -71.690483,
            -35.44882
          ],
          [
            -71.690455,
            -35.448727
          ],
          [
            -71.690419,
            -35.448637
          ],
          [
            -71.690375,
            -35.448549
          ],
          [
            -71.690315,
            -35.448451
          ],
          [
            -71.690245,
            -35.448357
          ],
          [
            -71.690166,
            -35.448269
          ],
          [
            -71.689916,
            -35.447962
          ],
          [
            -71.68984,
            -35.447875
          ],
          [
            -71.689787,
            -35.447815
          ],
          [
            -71.689658,
            -35.447588
          ],
          [
            -71.6896,
            -35.44751
          ],
          [
            -71.689512,
            -35.447434
          ],
          [
            -71.689356,
            -35.447308
          ],
          [
            -71.689196,
            -35.447114
          ],
          [
            -71.688835,
            -35.446673
          ],
          [
            -71.688247,
            -35.445973
          ],
          [
            -71.68821,
            -35.445915
          ],
          [
            -71.688147,
            -35.445816
          ]
        ]
      }
    },
    {
      "type": "Feature",
      "id": "osm-356826236",
      "properties": {
        "id": "talca-osm-356826236",
        "name": "Vía ciclista sin nombre",
        "has_custom_name": false,
        "type": "Vía ciclista dedicada",
        "category": "dedicated",
        "highway": "cycleway",
        "surface": "paved",
        "surface_display": "paved",
        "segregated": null,
        "segregated_display": "Sin información",
        "oneway": "no",
        "length_m": 2062.5,
        "length_km": 2.06,
        "source": "OpenStreetMap Contributors",
        "source_id": 356826236,
        "is_demo": false,
        "raw_osm_tags": {
          "foot": "no",
          "highway": "cycleway",
          "horse": "no",
          "lit": "no",
          "motor_vehicle": "no",
          "oneway": "no",
          "surface": "paved"
        }
      },
      "geometry": {
        "type": "LineString",
        "coordinates": [
          [
            -71.688147,
            -35.445816
          ],
          [
            -71.688118,
            -35.445776
          ],
          [
            -71.68812,
            -35.445765
          ],
          [
            -71.688166,
            -35.445744
          ],
          [
            -71.688167,
            -35.445733
          ],
          [
            -71.687602,
            -35.445075
          ],
          [
            -71.687643,
            -35.445013
          ],
          [
            -71.687699,
            -35.444965
          ],
          [
            -71.687453,
            -35.444662
          ],
          [
            -71.687415,
            -35.444618
          ],
          [
            -71.68721,
            -35.444382
          ],
          [
            -71.687101,
            -35.444263
          ],
          [
            -71.686809,
            -35.443896
          ],
          [
            -71.686754,
            -35.443828
          ],
          [
            -71.686714,
            -35.443778
          ],
          [
            -71.686639,
            -35.443693
          ],
          [
            -71.686603,
            -35.44365
          ],
          [
            -71.686584,
            -35.443629
          ],
          [
            -71.686181,
            -35.443148
          ],
          [
            -71.686128,
            -35.443079
          ],
          [
            -71.686028,
            -35.443071
          ],
          [
            -71.685981,
            -35.443062
          ],
          [
            -71.68594,
            -35.443048
          ],
          [
            -71.685913,
            -35.443022
          ],
          [
            -71.685883,
            -35.442983
          ],
          [
            -71.685759,
            -35.442811
          ],
          [
            -71.685587,
            -35.442588
          ],
          [
            -71.685396,
            -35.44235
          ],
          [
            -71.685342,
            -35.442291
          ],
          [
            -71.68531,
            -35.442251
          ],
          [
            -71.684278,
            -35.440977
          ],
          [
            -71.684185,
            -35.440863
          ],
          [
            -71.684128,
            -35.440798
          ],
          [
            -71.683506,
            -35.440082
          ],
          [
            -71.683416,
            -35.439982
          ],
          [
            -71.682833,
            -35.43924
          ],
          [
            -71.682488,
            -35.438814
          ],
          [
            -71.682322,
            -35.438597
          ],
          [
            -71.682293,
            -35.438555
          ],
          [
            -71.682255,
            -35.438479
          ],
          [
            -71.682102,
            -35.438237
          ],
          [
            -71.68187,
            -35.437873
          ],
          [
            -71.681803,
            -35.437755
          ],
          [
            -71.681724,
            -35.437604
          ],
          [
            -71.681674,
            -35.437525
          ],
          [
            -71.681664,
            -35.437422
          ],
          [
            -71.681655,
            -35.437376
          ],
          [
            -71.680844,
            -35.436157
          ],
          [
            -71.680396,
            -35.435484
          ],
          [
            -71.680148,
            -35.435138
          ],
          [
            -71.68012,
            -35.435103
          ],
          [
            -71.680086,
            -35.43508
          ],
          [
            -71.680039,
            -35.435052
          ],
          [
            -71.680009,
            -35.435022
          ],
          [
            -71.679971,
            -35.434963
          ],
          [
            -71.679705,
            -35.434553
          ],
          [
            -71.67968,
            -35.434504
          ],
          [
            -71.679645,
            -35.434441
          ],
          [
            -71.679618,
            -35.434387
          ],
          [
            -71.679584,
            -35.434338
          ],
          [
            -71.679287,
            -35.4339
          ],
          [
            -71.679245,
            -35.433818
          ],
          [
            -71.679161,
            -35.433702
          ],
          [
            -71.678965,
            -35.433432
          ],
          [
            -71.678524,
            -35.432801
          ],
          [
            -71.678128,
            -35.432231
          ],
          [
            -71.677796,
            -35.431812
          ],
          [
            -71.67759,
            -35.431524
          ],
          [
            -71.677483,
            -35.431371
          ],
          [
            -71.677445,
            -35.431318
          ],
          [
            -71.677351,
            -35.431189
          ],
          [
            -71.676853,
            -35.430554
          ],
          [
            -71.676864,
            -35.430492
          ],
          [
            -71.676711,
            -35.430307
          ],
          [
            -71.676625,
            -35.430193
          ],
          [
            -71.676619,
            -35.430114
          ]
        ]
      }
    },
    {
      "type": "Feature",
      "id": "osm-358997888",
      "properties": {
        "id": "talca-osm-358997888",
        "name": "Vía ciclista sin nombre",
        "has_custom_name": false,
        "type": "Vía ciclista dedicada",
        "category": "dedicated",
        "highway": "cycleway",
        "surface": null,
        "surface_display": "Sin información",
        "segregated": null,
        "segregated_display": "Sin información",
        "oneway": null,
        "length_m": 418.5,
        "length_km": 0.42,
        "source": "OpenStreetMap Contributors",
        "source_id": 358997888,
        "is_demo": false,
        "raw_osm_tags": {
          "foot": "yes",
          "highway": "cycleway"
        }
      },
      "geometry": {
        "type": "LineString",
        "coordinates": [
          [
            -71.648252,
            -35.409219
          ],
          [
            -71.648018,
            -35.409004
          ],
          [
            -71.647834,
            -35.408834
          ],
          [
            -71.647686,
            -35.408698
          ],
          [
            -71.647515,
            -35.408528
          ],
          [
            -71.647393,
            -35.40842
          ],
          [
            -71.647195,
            -35.408232
          ],
          [
            -71.646364,
            -35.407494
          ],
          [
            -71.645843,
            -35.407101
          ],
          [
            -71.645483,
            -35.406895
          ],
          [
            -71.645395,
            -35.406871
          ],
          [
            -71.645309,
            -35.406865
          ],
          [
            -71.645274,
            -35.406838
          ],
          [
            -71.645234,
            -35.406777
          ],
          [
            -71.645162,
            -35.406738
          ],
          [
            -71.645078,
            -35.40669
          ],
          [
            -71.645,
            -35.406676
          ],
          [
            -71.644951,
            -35.406667
          ]
        ]
      }
    },
    {
      "type": "Feature",
      "id": "osm-360747401",
      "properties": {
        "id": "talca-osm-360747401",
        "name": "Vía ciclista sin nombre",
        "has_custom_name": false,
        "type": "Vía ciclista dedicada",
        "category": "dedicated",
        "highway": "cycleway",
        "surface": "paved",
        "surface_display": "paved",
        "segregated": null,
        "segregated_display": "Sin información",
        "oneway": null,
        "length_m": 976.7,
        "length_km": 0.98,
        "source": "OpenStreetMap Contributors",
        "source_id": 360747401,
        "is_demo": false,
        "raw_osm_tags": {
          "highway": "cycleway",
          "surface": "paved"
        }
      },
      "geometry": {
        "type": "LineString",
        "coordinates": [
          [
            -71.6682,
            -35.410067
          ],
          [
            -71.668835,
            -35.410617
          ],
          [
            -71.668888,
            -35.410664
          ],
          [
            -71.668923,
            -35.4107
          ],
          [
            -71.668984,
            -35.410776
          ],
          [
            -71.669025,
            -35.410823
          ],
          [
            -71.669092,
            -35.410891
          ],
          [
            -71.669298,
            -35.411067
          ],
          [
            -71.669338,
            -35.411101
          ],
          [
            -71.669374,
            -35.411126
          ],
          [
            -71.669448,
            -35.411165
          ],
          [
            -71.669483,
            -35.411183
          ],
          [
            -71.669534,
            -35.411221
          ],
          [
            -71.669872,
            -35.411527
          ],
          [
            -71.670107,
            -35.411749
          ],
          [
            -71.670202,
            -35.411844
          ],
          [
            -71.670325,
            -35.411964
          ],
          [
            -71.670564,
            -35.412229
          ],
          [
            -71.670731,
            -35.41241
          ],
          [
            -71.670937,
            -35.412649
          ],
          [
            -71.671143,
            -35.412896
          ],
          [
            -71.671662,
            -35.41355
          ],
          [
            -71.672369,
            -35.414473
          ],
          [
            -71.673507,
            -35.415934
          ],
          [
            -71.6736,
            -35.416052
          ],
          [
            -71.673695,
            -35.416183
          ],
          [
            -71.673812,
            -35.416375
          ],
          [
            -71.673959,
            -35.416683
          ],
          [
            -71.674021,
            -35.416876
          ],
          [
            -71.674064,
            -35.417145
          ],
          [
            -71.674049,
            -35.417188
          ],
          [
            -71.673975,
            -35.417283
          ]
        ]
      }
    },
    {
      "type": "Feature",
      "id": "osm-360747404",
      "properties": {
        "id": "talca-osm-360747404",
        "name": "Vía ciclista sin nombre",
        "has_custom_name": false,
        "type": "Vía ciclista dedicada",
        "category": "dedicated",
        "highway": "cycleway",
        "surface": "paved",
        "surface_display": "paved",
        "segregated": null,
        "segregated_display": "Sin información",
        "oneway": null,
        "length_m": 1087.0,
        "length_km": 1.09,
        "source": "OpenStreetMap Contributors",
        "source_id": 360747404,
        "is_demo": false,
        "raw_osm_tags": {
          "highway": "cycleway",
          "surface": "paved"
        }
      },
      "geometry": {
        "type": "LineString",
        "coordinates": [
          [
            -71.6682,
            -35.410067
          ],
          [
            -71.667565,
            -35.409537
          ],
          [
            -71.666923,
            -35.408979
          ],
          [
            -71.666804,
            -35.408886
          ],
          [
            -71.666694,
            -35.408791
          ],
          [
            -71.666584,
            -35.408689
          ],
          [
            -71.666461,
            -35.408572
          ],
          [
            -71.666344,
            -35.408449
          ],
          [
            -71.666236,
            -35.408318
          ],
          [
            -71.666114,
            -35.408149
          ],
          [
            -71.666019,
            -35.407988
          ],
          [
            -71.66594,
            -35.407846
          ],
          [
            -71.665869,
            -35.4077
          ],
          [
            -71.665798,
            -35.40754
          ],
          [
            -71.665243,
            -35.40623
          ],
          [
            -71.665178,
            -35.406107
          ],
          [
            -71.665112,
            -35.405983
          ],
          [
            -71.665039,
            -35.405861
          ],
          [
            -71.664943,
            -35.405736
          ],
          [
            -71.664852,
            -35.405623
          ],
          [
            -71.664755,
            -35.405526
          ],
          [
            -71.664645,
            -35.405417
          ],
          [
            -71.663802,
            -35.4046
          ],
          [
            -71.663186,
            -35.404101
          ],
          [
            -71.662661,
            -35.403611
          ],
          [
            -71.662494,
            -35.40346
          ],
          [
            -71.662285,
            -35.403277
          ],
          [
            -71.662072,
            -35.403096
          ],
          [
            -71.661761,
            -35.402843
          ],
          [
            -71.661443,
            -35.402597
          ],
          [
            -71.661117,
            -35.402357
          ]
        ]
      }
    },
    {
      "type": "Feature",
      "id": "osm-373724185",
      "properties": {
        "id": "talca-osm-373724185",
        "name": "Avenida Las Rastras",
        "has_custom_name": true,
        "type": "Infraestructura ciclista sobre calle (ciclobanda / lane)",
        "category": "on_street",
        "highway": "secondary",
        "surface": "asphalt",
        "surface_display": "asphalt",
        "segregated": null,
        "segregated_display": "Sin información",
        "oneway": null,
        "length_m": 341.8,
        "length_km": 0.34,
        "source": "OpenStreetMap Contributors",
        "source_id": 373724185,
        "is_demo": false,
        "raw_osm_tags": {
          "cycleway": "lane",
          "cycleway:right": "lane",
          "highway": "secondary",
          "lanes": "2",
          "lit": "yes",
          "maxspeed": "50",
          "name": "Avenida Las Rastras",
          "official_name": "Cruce Ruta 115 CH (San Miguel) - Las Rastras - Cruce J-75-K (Punta de Diamante)",
          "old_ref": "K-55",
          "ref": "K-35",
          "source:ref": "Vialidad",
          "surface": "asphalt"
        }
      },
      "geometry": {
        "type": "LineString",
        "coordinates": [
          [
            -71.613044,
            -35.439187
          ],
          [
            -71.612632,
            -35.438696
          ],
          [
            -71.612315,
            -35.438321
          ],
          [
            -71.611835,
            -35.437751
          ],
          [
            -71.611408,
            -35.437244
          ],
          [
            -71.610909,
            -35.436653
          ]
        ]
      }
    },
    {
      "type": "Feature",
      "id": "osm-392303881",
      "properties": {
        "id": "talca-osm-392303881",
        "name": "Vía ciclista sin nombre",
        "has_custom_name": false,
        "type": "Infraestructura ciclista sobre calle (segregada / track)",
        "category": "on_street",
        "highway": "primary_link",
        "surface": "concrete",
        "surface_display": "concrete",
        "segregated": null,
        "segregated_display": "Sin información",
        "oneway": "yes",
        "length_m": 47.2,
        "length_km": 0.05,
        "source": "OpenStreetMap Contributors",
        "source_id": 392303881,
        "is_demo": false,
        "raw_osm_tags": {
          "cycleway:right": "track",
          "highway": "primary_link",
          "lanes": "1",
          "lit": "yes",
          "oneway": "yes",
          "surface": "concrete"
        }
      },
      "geometry": {
        "type": "LineString",
        "coordinates": [
          [
            -71.639417,
            -35.427889
          ],
          [
            -71.639494,
            -35.427806
          ],
          [
            -71.639525,
            -35.427757
          ],
          [
            -71.639545,
            -35.427704
          ],
          [
            -71.639554,
            -35.42765
          ],
          [
            -71.639551,
            -35.427594
          ],
          [
            -71.639536,
            -35.42754
          ],
          [
            -71.639548,
            -35.427497
          ]
        ]
      }
    },
    {
      "type": "Feature",
      "id": "osm-470099490",
      "properties": {
        "id": "talca-osm-470099490",
        "name": "Calle 10 Oriente",
        "has_custom_name": true,
        "type": "Infraestructura ciclista sobre calle (ciclobanda / lane)",
        "category": "on_street",
        "highway": "residential",
        "surface": "concrete",
        "surface_display": "concrete",
        "segregated": null,
        "segregated_display": "Sin información",
        "oneway": "yes",
        "length_m": 61.1,
        "length_km": 0.06,
        "source": "OpenStreetMap Contributors",
        "source_id": 470099490,
        "is_demo": false,
        "raw_osm_tags": {
          "cycleway:left": "lane",
          "highway": "residential",
          "lanes": "2",
          "lit": "yes",
          "name": "Calle 10 Oriente",
          "oneway": "yes",
          "surface": "concrete"
        }
      },
      "geometry": {
        "type": "LineString",
        "coordinates": [
          [
            -71.656292,
            -35.448236
          ],
          [
            -71.656436,
            -35.448459
          ],
          [
            -71.656464,
            -35.448553
          ],
          [
            -71.656473,
            -35.448647
          ],
          [
            -71.656463,
            -35.448753
          ]
        ]
      }
    },
    {
      "type": "Feature",
      "id": "osm-478455593",
      "properties": {
        "id": "talca-osm-478455593",
        "name": "Ciclovía 2 Norte",
        "has_custom_name": true,
        "type": "Vía ciclista dedicada",
        "category": "dedicated",
        "highway": "cycleway",
        "surface": "concrete",
        "surface_display": "concrete",
        "segregated": null,
        "segregated_display": "Sin información",
        "oneway": null,
        "length_m": 578.3,
        "length_km": 0.58,
        "source": "OpenStreetMap Contributors",
        "source_id": 478455593,
        "is_demo": false,
        "raw_osm_tags": {
          "highway": "cycleway",
          "lit": "yes",
          "name": "Ciclovía 2 Norte",
          "surface": "concrete"
        }
      },
      "geometry": {
        "type": "LineString",
        "coordinates": [
          [
            -71.639908,
            -35.427645
          ],
          [
            -71.640058,
            -35.427591
          ],
          [
            -71.640211,
            -35.427499
          ],
          [
            -71.640443,
            -35.427428
          ],
          [
            -71.640755,
            -35.427368
          ],
          [
            -71.641415,
            -35.427178
          ],
          [
            -71.641868,
            -35.42699
          ],
          [
            -71.643145,
            -35.426417
          ],
          [
            -71.643261,
            -35.426359
          ],
          [
            -71.643562,
            -35.42621
          ],
          [
            -71.643797,
            -35.426085
          ],
          [
            -71.644513,
            -35.425722
          ],
          [
            -71.644927,
            -35.425515
          ],
          [
            -71.645132,
            -35.425416
          ],
          [
            -71.645535,
            -35.425239
          ]
        ]
      }
    },
    {
      "type": "Feature",
      "id": "osm-478880188",
      "properties": {
        "id": "talca-osm-478880188",
        "name": "Ciclovía 2 Norte",
        "has_custom_name": true,
        "type": "Vía ciclista dedicada",
        "category": "dedicated",
        "highway": "cycleway",
        "surface": "concrete",
        "surface_display": "concrete",
        "segregated": null,
        "segregated_display": "Sin información",
        "oneway": null,
        "length_m": 114.3,
        "length_km": 0.11,
        "source": "OpenStreetMap Contributors",
        "source_id": 478880188,
        "is_demo": false,
        "raw_osm_tags": {
          "highway": "cycleway",
          "lit": "yes",
          "name": "Ciclovía 2 Norte",
          "surface": "concrete"
        }
      },
      "geometry": {
        "type": "LineString",
        "coordinates": [
          [
            -71.637653,
            -35.428456
          ],
          [
            -71.637416,
            -35.428532
          ],
          [
            -71.637211,
            -35.428594
          ],
          [
            -71.636973,
            -35.428655
          ],
          [
            -71.636457,
            -35.42878
          ]
        ]
      }
    },
    {
      "type": "Feature",
      "id": "osm-478880189",
      "properties": {
        "id": "talca-osm-478880189",
        "name": "Ciclovía 2 Norte",
        "has_custom_name": true,
        "type": "Vía ciclista dedicada",
        "category": "dedicated",
        "highway": "cycleway",
        "surface": "concrete",
        "surface_display": "concrete",
        "segregated": null,
        "segregated_display": "Sin información",
        "oneway": null,
        "length_m": 226.3,
        "length_km": 0.23,
        "source": "OpenStreetMap Contributors",
        "source_id": 478880189,
        "is_demo": false,
        "raw_osm_tags": {
          "highway": "cycleway",
          "lit": "yes",
          "name": "Ciclovía 2 Norte",
          "surface": "concrete"
        }
      },
      "geometry": {
        "type": "LineString",
        "coordinates": [
          [
            -71.639908,
            -35.427645
          ],
          [
            -71.63986,
            -35.427648
          ],
          [
            -71.639768,
            -35.427673
          ],
          [
            -71.639704,
            -35.4277
          ],
          [
            -71.639648,
            -35.427724
          ],
          [
            -71.639525,
            -35.427757
          ],
          [
            -71.639445,
            -35.427753
          ],
          [
            -71.639325,
            -35.427869
          ],
          [
            -71.63894,
            -35.428004
          ],
          [
            -71.638406,
            -35.428179
          ],
          [
            -71.637653,
            -35.428456
          ]
        ]
      }
    },
    {
      "type": "Feature",
      "id": "osm-486642231",
      "properties": {
        "id": "talca-osm-486642231",
        "name": "Calle 10 Oriente",
        "has_custom_name": true,
        "type": "Infraestructura ciclista sobre calle (ciclobanda / lane)",
        "category": "on_street",
        "highway": "tertiary",
        "surface": "concrete",
        "surface_display": "concrete",
        "segregated": null,
        "segregated_display": "Sin información",
        "oneway": "yes",
        "length_m": 333.5,
        "length_km": 0.33,
        "source": "OpenStreetMap Contributors",
        "source_id": 486642231,
        "is_demo": false,
        "raw_osm_tags": {
          "cycleway:left": "lane",
          "highway": "tertiary",
          "lanes": "2",
          "lit": "yes",
          "maxspeed": "50",
          "name": "Calle 10 Oriente",
          "oneway": "yes",
          "surface": "concrete"
        }
      },
      "geometry": {
        "type": "LineString",
        "coordinates": [
          [
            -71.656175,
            -35.448288
          ],
          [
            -71.655296,
            -35.446957
          ],
          [
            -71.655241,
            -35.446878
          ],
          [
            -71.654966,
            -35.446463
          ],
          [
            -71.6548,
            -35.446205
          ],
          [
            -71.654496,
            -35.445746
          ],
          [
            -71.65445,
            -35.445676
          ],
          [
            -71.65443,
            -35.445647
          ]
        ]
      }
    },
    {
      "type": "Feature",
      "id": "osm-486642232",
      "properties": {
        "id": "talca-osm-486642232",
        "name": "Calle 10 Oriente",
        "has_custom_name": true,
        "type": "Infraestructura ciclista sobre calle (ciclobanda / lane)",
        "category": "on_street",
        "highway": "tertiary",
        "surface": "concrete",
        "surface_display": "concrete",
        "segregated": null,
        "segregated_display": "Sin información",
        "oneway": "yes",
        "length_m": 333.7,
        "length_km": 0.33,
        "source": "OpenStreetMap Contributors",
        "source_id": 486642232,
        "is_demo": false,
        "raw_osm_tags": {
          "cycleway:left": "lane",
          "highway": "tertiary",
          "lanes": "2",
          "lit": "yes",
          "maxspeed": "50",
          "name": "Calle 10 Oriente",
          "oneway": "yes",
          "surface": "concrete"
        }
      },
      "geometry": {
        "type": "LineString",
        "coordinates": [
          [
            -71.654549,
            -35.445592
          ],
          [
            -71.654917,
            -35.446154
          ],
          [
            -71.6551,
            -35.446434
          ],
          [
            -71.655356,
            -35.446825
          ],
          [
            -71.655409,
            -35.446906
          ],
          [
            -71.655622,
            -35.447232
          ],
          [
            -71.656138,
            -35.44801
          ],
          [
            -71.656292,
            -35.448236
          ]
        ]
      }
    },
    {
      "type": "Feature",
      "id": "osm-486663055",
      "properties": {
        "id": "talca-osm-486663055",
        "name": "Vía ciclista sin nombre",
        "has_custom_name": false,
        "type": "Vía ciclista dedicada (segregada)",
        "category": "dedicated",
        "highway": "cycleway",
        "surface": "paved",
        "surface_display": "paved",
        "segregated": "yes",
        "segregated_display": "Segregada físicamente",
        "oneway": null,
        "length_m": 30.2,
        "length_km": 0.03,
        "source": "OpenStreetMap Contributors",
        "source_id": 486663055,
        "is_demo": false,
        "raw_osm_tags": {
          "bridge": "yes",
          "foot": "designated",
          "highway": "cycleway",
          "layer": "1",
          "segregated": "yes",
          "surface": "paved"
        }
      },
      "geometry": {
        "type": "LineString",
        "coordinates": [
          [
            -71.690425,
            -35.451268
          ],
          [
            -71.690444,
            -35.450997
          ]
        ]
      }
    },
    {
      "type": "Feature",
      "id": "osm-486663056",
      "properties": {
        "id": "talca-osm-486663056",
        "name": "Vía ciclista sin nombre",
        "has_custom_name": false,
        "type": "Vía ciclista dedicada (segregada)",
        "category": "dedicated",
        "highway": "cycleway",
        "surface": "paved",
        "surface_display": "paved",
        "segregated": "yes",
        "segregated_display": "Segregada físicamente",
        "oneway": null,
        "length_m": 117.4,
        "length_km": 0.12,
        "source": "OpenStreetMap Contributors",
        "source_id": 486663056,
        "is_demo": false,
        "raw_osm_tags": {
          "foot": "designated",
          "highway": "cycleway",
          "segregated": "yes",
          "surface": "paved"
        }
      },
      "geometry": {
        "type": "LineString",
        "coordinates": [
          [
            -71.690303,
            -35.452315
          ],
          [
            -71.690366,
            -35.452081
          ],
          [
            -71.690383,
            -35.451937
          ],
          [
            -71.690375,
            -35.451809
          ],
          [
            -71.690383,
            -35.451599
          ],
          [
            -71.69039,
            -35.451458
          ],
          [
            -71.690425,
            -35.451268
          ]
        ]
      }
    },
    {
      "type": "Feature",
      "id": "osm-530149422",
      "properties": {
        "id": "talca-osm-530149422",
        "name": "Calle 10 Oriente",
        "has_custom_name": true,
        "type": "Infraestructura ciclista sobre calle (ciclobanda / lane)",
        "category": "on_street",
        "highway": "residential",
        "surface": "concrete",
        "surface_display": "concrete",
        "segregated": null,
        "segregated_display": "Sin información",
        "oneway": "yes",
        "length_m": 55.4,
        "length_km": 0.06,
        "source": "OpenStreetMap Contributors",
        "source_id": 530149422,
        "is_demo": false,
        "raw_osm_tags": {
          "cycleway:left": "lane",
          "highway": "residential",
          "lanes": "2",
          "lit": "yes",
          "name": "Calle 10 Oriente",
          "oneway": "yes",
          "surface": "concrete"
        }
      },
      "geometry": {
        "type": "LineString",
        "coordinates": [
          [
            -71.656318,
            -35.448758
          ],
          [
            -71.656335,
            -35.448644
          ],
          [
            -71.656315,
            -35.448518
          ],
          [
            -71.656175,
            -35.448288
          ]
        ]
      }
    },
    {
      "type": "Feature",
      "id": "osm-530149424",
      "properties": {
        "id": "talca-osm-530149424",
        "name": "Calle 10 Oriente",
        "has_custom_name": true,
        "type": "Infraestructura ciclista sobre calle (ciclobanda / lane)",
        "category": "on_street",
        "highway": "residential",
        "surface": "concrete",
        "surface_display": "concrete",
        "segregated": null,
        "segregated_display": "Sin información",
        "oneway": "yes",
        "length_m": 121.8,
        "length_km": 0.12,
        "source": "OpenStreetMap Contributors",
        "source_id": 530149424,
        "is_demo": false,
        "raw_osm_tags": {
          "cycleway:left": "lane",
          "highway": "residential",
          "lanes": "2",
          "lit": "yes",
          "name": "Calle 10 Oriente",
          "oneway": "yes",
          "surface": "concrete"
        }
      },
      "geometry": {
        "type": "LineString",
        "coordinates": [
          [
            -71.656463,
            -35.448753
          ],
          [
            -71.656376,
            -35.44906
          ],
          [
            -71.656171,
            -35.449822
          ]
        ]
      }
    },
    {
      "type": "Feature",
      "id": "osm-563122316",
      "properties": {
        "id": "talca-osm-563122316",
        "name": "Avenida 12 Norte",
        "has_custom_name": true,
        "type": "Infraestructura ciclista sobre calle (segregada / track)",
        "category": "on_street",
        "highway": "secondary",
        "surface": "concrete",
        "surface_display": "concrete",
        "segregated": null,
        "segregated_display": "Sin información",
        "oneway": "yes",
        "length_m": 18.7,
        "length_km": 0.02,
        "source": "OpenStreetMap Contributors",
        "source_id": 563122316,
        "is_demo": false,
        "raw_osm_tags": {
          "cycleway:right": "track",
          "highway": "secondary",
          "lanes": "2",
          "lit": "yes",
          "maxspeed": "50",
          "name": "Avenida 12 Norte",
          "oneway": "yes",
          "surface": "concrete"
        }
      },
      "geometry": {
        "type": "LineString",
        "coordinates": [
          [
            -71.659657,
            -35.411164
          ],
          [
            -71.659583,
            -35.411191
          ],
          [
            -71.659469,
            -35.411234
          ]
        ]
      }
    },
    {
      "type": "Feature",
      "id": "osm-563122317",
      "properties": {
        "id": "talca-osm-563122317",
        "name": "Avenida 12 Norte",
        "has_custom_name": true,
        "type": "Infraestructura ciclista sobre calle (segregada / track)",
        "category": "on_street",
        "highway": "secondary",
        "surface": "concrete",
        "surface_display": "concrete",
        "segregated": null,
        "segregated_display": "Sin información",
        "oneway": "yes",
        "length_m": 25.3,
        "length_km": 0.03,
        "source": "OpenStreetMap Contributors",
        "source_id": 563122317,
        "is_demo": false,
        "raw_osm_tags": {
          "cycleway:right": "track",
          "highway": "secondary",
          "lanes": "2",
          "lit": "yes",
          "maxspeed": "50",
          "name": "Avenida 12 Norte",
          "oneway": "yes",
          "surface": "concrete"
        }
      },
      "geometry": {
        "type": "LineString",
        "coordinates": [
          [
            -71.659385,
            -35.411152
          ],
          [
            -71.659526,
            -35.411112
          ],
          [
            -71.659557,
            -35.411103
          ],
          [
            -71.659649,
            -35.411077
          ]
        ]
      }
    },
    {
      "type": "Feature",
      "id": "osm-563122319",
      "properties": {
        "id": "talca-osm-563122319",
        "name": "Avenida 12 Norte",
        "has_custom_name": true,
        "type": "Infraestructura ciclista sobre calle (segregada / track)",
        "category": "on_street",
        "highway": "secondary",
        "surface": "concrete",
        "surface_display": "concrete",
        "segregated": null,
        "segregated_display": "Sin información",
        "oneway": "yes",
        "length_m": 20.4,
        "length_km": 0.02,
        "source": "OpenStreetMap Contributors",
        "source_id": 563122319,
        "is_demo": false,
        "raw_osm_tags": {
          "cycleway:right": "track",
          "highway": "secondary",
          "lanes": "2",
          "lit": "yes",
          "maxspeed": "50",
          "name": "Avenida 12 Norte",
          "oneway": "yes",
          "surface": "concrete"
        }
      },
      "geometry": {
        "type": "LineString",
        "coordinates": [
          [
            -71.655624,
            -35.412176
          ],
          [
            -71.655839,
            -35.412122
          ]
        ]
      }
    },
    {
      "type": "Feature",
      "id": "osm-563122323",
      "properties": {
        "id": "talca-osm-563122323",
        "name": "Avenida 12 Norte",
        "has_custom_name": true,
        "type": "Infraestructura ciclista sobre calle (segregada / track)",
        "category": "on_street",
        "highway": "secondary",
        "surface": "concrete",
        "surface_display": "concrete",
        "segregated": null,
        "segregated_display": "Sin información",
        "oneway": "yes",
        "length_m": 19.7,
        "length_km": 0.02,
        "source": "OpenStreetMap Contributors",
        "source_id": 563122323,
        "is_demo": false,
        "raw_osm_tags": {
          "cycleway:right": "track",
          "highway": "secondary",
          "lanes": "2",
          "lit": "yes",
          "maxspeed": "50",
          "name": "Avenida 12 Norte",
          "oneway": "yes",
          "surface": "concrete"
        }
      },
      "geometry": {
        "type": "LineString",
        "coordinates": [
          [
            -71.654599,
            -35.412453
          ],
          [
            -71.654805,
            -35.412397
          ]
        ]
      }
    },
    {
      "type": "Feature",
      "id": "osm-563122324",
      "properties": {
        "id": "talca-osm-563122324",
        "name": "Avenida 12 Norte",
        "has_custom_name": true,
        "type": "Infraestructura ciclista sobre calle (segregada / track)",
        "category": "on_street",
        "highway": "secondary",
        "surface": "concrete",
        "surface_display": "concrete",
        "segregated": null,
        "segregated_display": "Sin información",
        "oneway": "yes",
        "length_m": 27.2,
        "length_km": 0.03,
        "source": "OpenStreetMap Contributors",
        "source_id": 563122324,
        "is_demo": false,
        "raw_osm_tags": {
          "cycleway:right": "track",
          "highway": "secondary",
          "lanes": "2",
          "lit": "yes",
          "maxspeed": "50",
          "name": "Avenida 12 Norte",
          "oneway": "yes",
          "surface": "concrete"
        }
      },
      "geometry": {
        "type": "LineString",
        "coordinates": [
          [
            -71.654145,
            -35.412577
          ],
          [
            -71.65443,
            -35.4125
          ]
        ]
      }
    },
    {
      "type": "Feature",
      "id": "osm-563122325",
      "properties": {
        "id": "talca-osm-563122325",
        "name": "Avenida 12 Norte",
        "has_custom_name": true,
        "type": "Infraestructura ciclista sobre calle (segregada / track)",
        "category": "on_street",
        "highway": "secondary",
        "surface": "concrete",
        "surface_display": "concrete",
        "segregated": null,
        "segregated_display": "Sin información",
        "oneway": "yes",
        "length_m": 13.8,
        "length_km": 0.01,
        "source": "OpenStreetMap Contributors",
        "source_id": 563122325,
        "is_demo": false,
        "raw_osm_tags": {
          "cycleway:right": "track",
          "highway": "secondary",
          "lanes": "2",
          "lit": "yes",
          "maxspeed": "50",
          "name": "Avenida 12 Norte",
          "oneway": "yes",
          "surface": "concrete"
        }
      },
      "geometry": {
        "type": "LineString",
        "coordinates": [
          [
            -71.653804,
            -35.412673
          ],
          [
            -71.653947,
            -35.412631
          ]
        ]
      }
    },
    {
      "type": "Feature",
      "id": "osm-563122327",
      "properties": {
        "id": "talca-osm-563122327",
        "name": "Avenida 12 Norte",
        "has_custom_name": true,
        "type": "Infraestructura ciclista sobre calle (segregada / track)",
        "category": "on_street",
        "highway": "secondary",
        "surface": "concrete",
        "surface_display": "concrete",
        "segregated": null,
        "segregated_display": "Sin información",
        "oneway": "yes",
        "length_m": 18.9,
        "length_km": 0.02,
        "source": "OpenStreetMap Contributors",
        "source_id": 563122327,
        "is_demo": false,
        "raw_osm_tags": {
          "cycleway:right": "track",
          "highway": "secondary",
          "lanes": "2",
          "lit": "yes",
          "maxspeed": "50",
          "name": "Avenida 12 Norte",
          "oneway": "yes",
          "surface": "concrete"
        }
      },
      "geometry": {
        "type": "LineString",
        "coordinates": [
          [
            -71.653947,
            -35.412631
          ],
          [
            -71.654145,
            -35.412577
          ]
        ]
      }
    },
    {
      "type": "Feature",
      "id": "osm-563122328",
      "properties": {
        "id": "talca-osm-563122328",
        "name": "Avenida 12 Norte",
        "has_custom_name": true,
        "type": "Infraestructura ciclista sobre calle (segregada / track)",
        "category": "on_street",
        "highway": "secondary",
        "surface": "concrete",
        "surface_display": "concrete",
        "segregated": null,
        "segregated_display": "Sin información",
        "oneway": "yes",
        "length_m": 16.2,
        "length_km": 0.02,
        "source": "OpenStreetMap Contributors",
        "source_id": 563122328,
        "is_demo": false,
        "raw_osm_tags": {
          "cycleway:right": "track",
          "highway": "secondary",
          "lanes": "2",
          "lit": "yes",
          "maxspeed": "50",
          "name": "Avenida 12 Norte",
          "oneway": "yes",
          "surface": "concrete"
        }
      },
      "geometry": {
        "type": "LineString",
        "coordinates": [
          [
            -71.65443,
            -35.4125
          ],
          [
            -71.654599,
            -35.412453
          ]
        ]
      }
    },
    {
      "type": "Feature",
      "id": "osm-563122332",
      "properties": {
        "id": "talca-osm-563122332",
        "name": "Avenida 12 Norte",
        "has_custom_name": true,
        "type": "Infraestructura ciclista sobre calle (segregada / track)",
        "category": "on_street",
        "highway": "secondary",
        "surface": "concrete",
        "surface_display": "concrete",
        "segregated": null,
        "segregated_display": "Sin información",
        "oneway": "yes",
        "length_m": 22.3,
        "length_km": 0.02,
        "source": "OpenStreetMap Contributors",
        "source_id": 563122332,
        "is_demo": false,
        "raw_osm_tags": {
          "cycleway:right": "track",
          "highway": "secondary",
          "lanes": "2",
          "lit": "yes",
          "maxspeed": "50",
          "name": "Avenida 12 Norte",
          "oneway": "yes",
          "surface": "concrete"
        }
      },
      "geometry": {
        "type": "LineString",
        "coordinates": [
          [
            -71.654805,
            -35.412397
          ],
          [
            -71.655039,
            -35.412334
          ]
        ]
      }
    },
    {
      "type": "Feature",
      "id": "osm-563122333",
      "properties": {
        "id": "talca-osm-563122333",
        "name": "Avenida 12 Norte",
        "has_custom_name": true,
        "type": "Infraestructura ciclista sobre calle (segregada / track)",
        "category": "on_street",
        "highway": "secondary",
        "surface": "concrete",
        "surface_display": "concrete",
        "segregated": null,
        "segregated_display": "Sin información",
        "oneway": "yes",
        "length_m": 55.9,
        "length_km": 0.06,
        "source": "OpenStreetMap Contributors",
        "source_id": 563122333,
        "is_demo": false,
        "raw_osm_tags": {
          "cycleway:right": "track",
          "highway": "secondary",
          "lanes": "2",
          "lit": "yes",
          "maxspeed": "50",
          "name": "Avenida 12 Norte",
          "oneway": "yes",
          "surface": "concrete"
        }
      },
      "geometry": {
        "type": "LineString",
        "coordinates": [
          [
            -71.655039,
            -35.412334
          ],
          [
            -71.65525,
            -35.412277
          ],
          [
            -71.655578,
            -35.412188
          ],
          [
            -71.655624,
            -35.412176
          ]
        ]
      }
    },
    {
      "type": "Feature",
      "id": "osm-563122339",
      "properties": {
        "id": "talca-osm-563122339",
        "name": "Avenida 12 Norte",
        "has_custom_name": true,
        "type": "Infraestructura ciclista sobre calle (segregada / track)",
        "category": "on_street",
        "highway": "secondary",
        "surface": "concrete",
        "surface_display": "concrete",
        "segregated": null,
        "segregated_display": "Sin información",
        "oneway": "yes",
        "length_m": 12.3,
        "length_km": 0.01,
        "source": "OpenStreetMap Contributors",
        "source_id": 563122339,
        "is_demo": false,
        "raw_osm_tags": {
          "cycleway:right": "track",
          "highway": "secondary",
          "lanes": "2",
          "lit": "yes",
          "maxspeed": "50",
          "name": "Avenida 12 Norte",
          "oneway": "yes",
          "surface": "concrete"
        }
      },
      "geometry": {
        "type": "LineString",
        "coordinates": [
          [
            -71.655839,
            -35.412122
          ],
          [
            -71.655967,
            -35.412084
          ]
        ]
      }
    },
    {
      "type": "Feature",
      "id": "osm-563122343",
      "properties": {
        "id": "talca-osm-563122343",
        "name": "Avenida 12 Norte",
        "has_custom_name": true,
        "type": "Infraestructura ciclista sobre calle (segregada / track)",
        "category": "on_street",
        "highway": "secondary",
        "surface": "concrete",
        "surface_display": "concrete",
        "segregated": null,
        "segregated_display": "Sin información",
        "oneway": "yes",
        "length_m": 158.5,
        "length_km": 0.16,
        "source": "OpenStreetMap Contributors",
        "source_id": 563122343,
        "is_demo": false,
        "raw_osm_tags": {
          "cycleway:right": "track",
          "highway": "secondary",
          "lanes": "2",
          "lit": "yes",
          "maxspeed": "50",
          "name": "Avenida 12 Norte",
          "oneway": "yes",
          "surface": "concrete"
        }
      },
      "geometry": {
        "type": "LineString",
        "coordinates": [
          [
            -71.655967,
            -35.412084
          ],
          [
            -71.656446,
            -35.411953
          ],
          [
            -71.656464,
            -35.411948
          ],
          [
            -71.656572,
            -35.411919
          ],
          [
            -71.656626,
            -35.411904
          ],
          [
            -71.657345,
            -35.411709
          ],
          [
            -71.657394,
            -35.411695
          ],
          [
            -71.657626,
            -35.411632
          ]
        ]
      }
    },
    {
      "type": "Feature",
      "id": "osm-563122346",
      "properties": {
        "id": "talca-osm-563122346",
        "name": "Avenida 12 Norte",
        "has_custom_name": true,
        "type": "Infraestructura ciclista sobre calle (segregada / track)",
        "category": "on_street",
        "highway": "secondary",
        "surface": "concrete",
        "surface_display": "concrete",
        "segregated": null,
        "segregated_display": "Sin información",
        "oneway": "yes",
        "length_m": 70.5,
        "length_km": 0.07,
        "source": "OpenStreetMap Contributors",
        "source_id": 563122346,
        "is_demo": false,
        "raw_osm_tags": {
          "cycleway:right": "track",
          "highway": "secondary",
          "lanes": "2",
          "lit": "yes",
          "maxspeed": "50",
          "name": "Avenida 12 Norte",
          "oneway": "yes",
          "surface": "concrete"
        }
      },
      "geometry": {
        "type": "LineString",
        "coordinates": [
          [
            -71.656609,
            -35.41201
          ],
          [
            -71.656497,
            -35.412042
          ],
          [
            -71.655874,
            -35.412217
          ]
        ]
      }
    },
    {
      "type": "Feature",
      "id": "osm-563122348",
      "properties": {
        "id": "talca-osm-563122348",
        "name": "Avenida 12 Norte",
        "has_custom_name": true,
        "type": "Infraestructura ciclista sobre calle (segregada / track)",
        "category": "on_street",
        "highway": "secondary",
        "surface": "concrete",
        "surface_display": "concrete",
        "segregated": null,
        "segregated_display": "Sin información",
        "oneway": "yes",
        "length_m": 21.5,
        "length_km": 0.02,
        "source": "OpenStreetMap Contributors",
        "source_id": 563122348,
        "is_demo": false,
        "raw_osm_tags": {
          "cycleway:right": "track",
          "highway": "secondary",
          "lanes": "2",
          "lit": "yes",
          "maxspeed": "50",
          "name": "Avenida 12 Norte",
          "oneway": "yes",
          "surface": "concrete"
        }
      },
      "geometry": {
        "type": "LineString",
        "coordinates": [
          [
            -71.659649,
            -35.411077
          ],
          [
            -71.65987,
            -35.411006
          ]
        ]
      }
    },
    {
      "type": "Feature",
      "id": "osm-563122350",
      "properties": {
        "id": "talca-osm-563122350",
        "name": "Avenida 12 Norte",
        "has_custom_name": true,
        "type": "Infraestructura ciclista sobre calle (segregada / track)",
        "category": "on_street",
        "highway": "secondary",
        "surface": "concrete",
        "surface_display": "concrete",
        "segregated": null,
        "segregated_display": "Sin información",
        "oneway": "yes",
        "length_m": 117.4,
        "length_km": 0.12,
        "source": "OpenStreetMap Contributors",
        "source_id": 563122350,
        "is_demo": false,
        "raw_osm_tags": {
          "cycleway:right": "track",
          "highway": "secondary",
          "lanes": "2",
          "lit": "yes",
          "maxspeed": "50",
          "name": "Avenida 12 Norte",
          "oneway": "yes",
          "surface": "concrete"
        }
      },
      "geometry": {
        "type": "LineString",
        "coordinates": [
          [
            -71.658158,
            -35.411491
          ],
          [
            -71.65819,
            -35.411482
          ],
          [
            -71.658937,
            -35.411273
          ],
          [
            -71.659385,
            -35.411152
          ]
        ]
      }
    },
    {
      "type": "Feature",
      "id": "osm-563122353",
      "properties": {
        "id": "talca-osm-563122353",
        "name": "Avenida 12 Norte",
        "has_custom_name": true,
        "type": "Infraestructura ciclista sobre calle (segregada / track)",
        "category": "on_street",
        "highway": "secondary",
        "surface": "concrete",
        "surface_display": "concrete",
        "segregated": null,
        "segregated_display": "Sin información",
        "oneway": "yes",
        "length_m": 17.6,
        "length_km": 0.02,
        "source": "OpenStreetMap Contributors",
        "source_id": 563122353,
        "is_demo": false,
        "raw_osm_tags": {
          "cycleway:right": "track",
          "highway": "secondary",
          "lanes": "2",
          "lit": "yes",
          "maxspeed": "50",
          "name": "Avenida 12 Norte",
          "oneway": "yes",
          "surface": "concrete"
        }
      },
      "geometry": {
        "type": "LineString",
        "coordinates": [
          [
            -71.659838,
            -35.411107
          ],
          [
            -71.659809,
            -35.411115
          ],
          [
            -71.659657,
            -35.411164
          ]
        ]
      }
    },
    {
      "type": "Feature",
      "id": "osm-563122354",
      "properties": {
        "id": "talca-osm-563122354",
        "name": "Avenida 12 Norte",
        "has_custom_name": true,
        "type": "Infraestructura ciclista sobre calle (segregada / track)",
        "category": "on_street",
        "highway": "secondary",
        "surface": "concrete",
        "surface_display": "concrete",
        "segregated": null,
        "segregated_display": "Sin información",
        "oneway": "yes",
        "length_m": 294.6,
        "length_km": 0.29,
        "source": "OpenStreetMap Contributors",
        "source_id": 563122354,
        "is_demo": false,
        "raw_osm_tags": {
          "cycleway:right": "track",
          "highway": "secondary",
          "lanes": "2",
          "lit": "yes",
          "maxspeed": "50",
          "name": "Avenida 12 Norte",
          "oneway": "yes",
          "surface": "concrete"
        }
      },
      "geometry": {
        "type": "LineString",
        "coordinates": [
          [
            -71.662933,
            -35.410296
          ],
          [
            -71.660962,
            -35.410806
          ],
          [
            -71.659838,
            -35.411107
          ]
        ]
      }
    },
    {
      "type": "Feature",
      "id": "osm-563122355",
      "properties": {
        "id": "talca-osm-563122355",
        "name": "Avenida 12 Norte",
        "has_custom_name": true,
        "type": "Infraestructura ciclista sobre calle (segregada / track)",
        "category": "on_street",
        "highway": "secondary",
        "surface": "concrete",
        "surface_display": "concrete",
        "segregated": null,
        "segregated_display": "Sin información",
        "oneway": "yes",
        "length_m": 28.7,
        "length_km": 0.03,
        "source": "OpenStreetMap Contributors",
        "source_id": 563122355,
        "is_demo": false,
        "raw_osm_tags": {
          "cycleway:right": "track",
          "highway": "secondary",
          "lanes": "3",
          "lit": "yes",
          "maxspeed": "50",
          "name": "Avenida 12 Norte",
          "oneway": "yes",
          "surface": "concrete",
          "turn:lanes": "left|through|through"
        }
      },
      "geometry": {
        "type": "LineString",
        "coordinates": [
          [
            -71.656913,
            -35.411939
          ],
          [
            -71.656779,
            -35.41197
          ],
          [
            -71.65666,
            -35.411998
          ],
          [
            -71.656609,
            -35.41201
          ]
        ]
      }
    },
    {
      "type": "Feature",
      "id": "osm-563122356",
      "properties": {
        "id": "talca-osm-563122356",
        "name": "Avenida 12 Norte",
        "has_custom_name": true,
        "type": "Infraestructura ciclista sobre calle (segregada / track)",
        "category": "on_street",
        "highway": "secondary",
        "surface": "concrete",
        "surface_display": "concrete",
        "segregated": null,
        "segregated_display": "Sin información",
        "oneway": "yes",
        "length_m": 122.4,
        "length_km": 0.12,
        "source": "OpenStreetMap Contributors",
        "source_id": 563122356,
        "is_demo": false,
        "raw_osm_tags": {
          "cycleway:right": "track",
          "highway": "secondary",
          "lanes": "2",
          "lit": "yes",
          "maxspeed": "50",
          "name": "Avenida 12 Norte",
          "oneway": "yes",
          "surface": "concrete"
        }
      },
      "geometry": {
        "type": "LineString",
        "coordinates": [
          [
            -71.658194,
            -35.41159
          ],
          [
            -71.658039,
            -35.411628
          ],
          [
            -71.656913,
            -35.411939
          ]
        ]
      }
    },
    {
      "type": "Feature",
      "id": "osm-563122357",
      "properties": {
        "id": "talca-osm-563122357",
        "name": "Avenida 12 Norte",
        "has_custom_name": true,
        "type": "Infraestructura ciclista sobre calle (segregada / track)",
        "category": "on_street",
        "highway": "secondary",
        "surface": "concrete",
        "surface_display": "concrete",
        "segregated": null,
        "segregated_display": "Sin información",
        "oneway": "yes",
        "length_m": 50.7,
        "length_km": 0.05,
        "source": "OpenStreetMap Contributors",
        "source_id": 563122357,
        "is_demo": false,
        "raw_osm_tags": {
          "cycleway:right": "track",
          "highway": "secondary",
          "lanes": "3",
          "lit": "yes",
          "maxspeed": "50",
          "name": "Avenida 12 Norte",
          "oneway": "yes",
          "surface": "concrete",
          "turn:lanes": "left|through|through;right"
        }
      },
      "geometry": {
        "type": "LineString",
        "coordinates": [
          [
            -71.657626,
            -35.411632
          ],
          [
            -71.657986,
            -35.411536
          ],
          [
            -71.657998,
            -35.411532
          ],
          [
            -71.658158,
            -35.411491
          ]
        ]
      }
    },
    {
      "type": "Feature",
      "id": "osm-563122358",
      "properties": {
        "id": "talca-osm-563122358",
        "name": "Avenida 12 Norte",
        "has_custom_name": true,
        "type": "Infraestructura ciclista sobre calle (segregada / track)",
        "category": "on_street",
        "highway": "secondary",
        "surface": "concrete",
        "surface_display": "concrete",
        "segregated": null,
        "segregated_display": "Sin información",
        "oneway": "yes",
        "length_m": 287.6,
        "length_km": 0.29,
        "source": "OpenStreetMap Contributors",
        "source_id": 563122358,
        "is_demo": false,
        "raw_osm_tags": {
          "cycleway:right": "track",
          "highway": "secondary",
          "lanes": "2",
          "lit": "yes",
          "maxspeed": "50",
          "name": "Avenida 12 Norte",
          "oneway": "yes",
          "surface": "concrete"
        }
      },
      "geometry": {
        "type": "LineString",
        "coordinates": [
          [
            -71.65987,
            -35.411006
          ],
          [
            -71.660824,
            -35.410741
          ],
          [
            -71.662271,
            -35.410351
          ],
          [
            -71.662882,
            -35.410193
          ]
        ]
      }
    },
    {
      "type": "Feature",
      "id": "osm-563122359",
      "properties": {
        "id": "talca-osm-563122359",
        "name": "Avenida 12 Norte",
        "has_custom_name": true,
        "type": "Infraestructura ciclista sobre calle (segregada / track)",
        "category": "on_street",
        "highway": "secondary",
        "surface": "concrete",
        "surface_display": "concrete",
        "segregated": null,
        "segregated_display": "Sin información",
        "oneway": "yes",
        "length_m": 43.9,
        "length_km": 0.04,
        "source": "OpenStreetMap Contributors",
        "source_id": 563122359,
        "is_demo": false,
        "raw_osm_tags": {
          "cycleway:right": "track",
          "highway": "secondary",
          "lanes": "3",
          "lit": "yes",
          "maxspeed": "50",
          "name": "Avenida 12 Norte",
          "oneway": "yes",
          "surface": "concrete",
          "turn:lanes": "left|through|through;right"
        }
      },
      "geometry": {
        "type": "LineString",
        "coordinates": [
          [
            -71.65865,
            -35.411458
          ],
          [
            -71.658344,
            -35.411546
          ],
          [
            -71.658229,
            -35.41158
          ],
          [
            -71.658194,
            -35.41159
          ]
        ]
      }
    },
    {
      "type": "Feature",
      "id": "osm-563122360",
      "properties": {
        "id": "talca-osm-563122360",
        "name": "Avenida 12 Norte",
        "has_custom_name": true,
        "type": "Infraestructura ciclista sobre calle (segregada / track)",
        "category": "on_street",
        "highway": "secondary",
        "surface": "concrete",
        "surface_display": "concrete",
        "segregated": null,
        "segregated_display": "Sin información",
        "oneway": "yes",
        "length_m": 78.3,
        "length_km": 0.08,
        "source": "OpenStreetMap Contributors",
        "source_id": 563122360,
        "is_demo": false,
        "raw_osm_tags": {
          "cycleway:right": "track",
          "highway": "secondary",
          "lanes": "2",
          "lit": "yes",
          "maxspeed": "50",
          "name": "Avenida 12 Norte",
          "oneway": "yes",
          "surface": "concrete"
        }
      },
      "geometry": {
        "type": "LineString",
        "coordinates": [
          [
            -71.659469,
            -35.411234
          ],
          [
            -71.659058,
            -35.411343
          ],
          [
            -71.65865,
            -35.411458
          ]
        ]
      }
    },
    {
      "type": "Feature",
      "id": "osm-563122363",
      "properties": {
        "id": "talca-osm-563122363",
        "name": "Avenida 12 Norte",
        "has_custom_name": true,
        "type": "Infraestructura ciclista sobre calle (segregada / track)",
        "category": "on_street",
        "highway": "secondary",
        "surface": "concrete",
        "surface_display": "concrete",
        "segregated": null,
        "segregated_display": "Sin información",
        "oneway": "yes",
        "length_m": 77.9,
        "length_km": 0.08,
        "source": "OpenStreetMap Contributors",
        "source_id": 563122363,
        "is_demo": false,
        "raw_osm_tags": {
          "cycleway:right": "track",
          "highway": "secondary",
          "lanes": "2",
          "lit": "yes",
          "maxspeed": "50",
          "name": "Avenida 12 Norte",
          "oneway": "yes",
          "surface": "concrete"
        }
      },
      "geometry": {
        "type": "LineString",
        "coordinates": [
          [
            -71.653032,
            -35.412958
          ],
          [
            -71.653099,
            -35.41291
          ],
          [
            -71.653127,
            -35.412885
          ],
          [
            -71.653173,
            -35.412858
          ],
          [
            -71.653243,
            -35.412828
          ],
          [
            -71.653305,
            -35.412805
          ],
          [
            -71.653356,
            -35.412792
          ],
          [
            -71.653804,
            -35.412673
          ]
        ]
      }
    },
    {
      "type": "Feature",
      "id": "osm-563409107",
      "properties": {
        "id": "talca-osm-563409107",
        "name": "Avenida Salvador Allende",
        "has_custom_name": true,
        "type": "Infraestructura ciclista sobre calle (ciclobanda / lane)",
        "category": "on_street",
        "highway": "secondary",
        "surface": "concrete",
        "surface_display": "concrete",
        "segregated": null,
        "segregated_display": "Sin información",
        "oneway": "no",
        "length_m": 639.1,
        "length_km": 0.64,
        "source": "OpenStreetMap Contributors",
        "source_id": 563409107,
        "is_demo": false,
        "raw_osm_tags": {
          "alt_name": "Calle 11 Oriente",
          "cycleway:right": "lane",
          "cycleway:right:oneway": "no",
          "highway": "secondary",
          "lanes": "2",
          "lit": "yes",
          "loc_name": "Calle 11 Oriente",
          "maxspeed": "50",
          "name": "Avenida Salvador Allende",
          "note": "Nombre a partir de nuevas señaleticas oficiales.",
          "old_name": "Calle 11 Oriente",
          "oneway": "no",
          "source:maxspeed": "CL:urban",
          "surface": "concrete"
        }
      },
      "geometry": {
        "type": "LineString",
        "coordinates": [
          [
            -71.648979,
            -35.41639
          ],
          [
            -71.648986,
            -35.416486
          ],
          [
            -71.648997,
            -35.416602
          ],
          [
            -71.649028,
            -35.41688
          ],
          [
            -71.649056,
            -35.41713
          ],
          [
            -71.649079,
            -35.417331
          ],
          [
            -71.64912,
            -35.417697
          ],
          [
            -71.649221,
            -35.418599
          ],
          [
            -71.649267,
            -35.419007
          ],
          [
            -71.649276,
            -35.419085
          ],
          [
            -71.649282,
            -35.419134
          ],
          [
            -71.649404,
            -35.420233
          ],
          [
            -71.649456,
            -35.420689
          ],
          [
            -71.649472,
            -35.420848
          ],
          [
            -71.649545,
            -35.42148
          ],
          [
            -71.649588,
            -35.421812
          ],
          [
            -71.649597,
            -35.421914
          ],
          [
            -71.649615,
            -35.422114
          ]
        ]
      }
    },
    {
      "type": "Feature",
      "id": "osm-565532366",
      "properties": {
        "id": "talca-osm-565532366",
        "name": "Vía ciclista sin nombre",
        "has_custom_name": false,
        "type": "Vía ciclista dedicada",
        "category": "dedicated",
        "highway": "cycleway",
        "surface": "concrete",
        "surface_display": "concrete",
        "segregated": null,
        "segregated_display": "Sin información",
        "oneway": null,
        "length_m": 225.7,
        "length_km": 0.23,
        "source": "OpenStreetMap Contributors",
        "source_id": 565532366,
        "is_demo": false,
        "raw_osm_tags": {
          "bicycle": "yes",
          "highway": "cycleway",
          "surface": "concrete"
        }
      },
      "geometry": {
        "type": "LineString",
        "coordinates": [
          [
            -71.629521,
            -35.434406
          ],
          [
            -71.629542,
            -35.434449
          ],
          [
            -71.629561,
            -35.434494
          ],
          [
            -71.62963,
            -35.434661
          ],
          [
            -71.629701,
            -35.434807
          ],
          [
            -71.629818,
            -35.435112
          ],
          [
            -71.629886,
            -35.435302
          ],
          [
            -71.630092,
            -35.435712
          ],
          [
            -71.630138,
            -35.435784
          ],
          [
            -71.630174,
            -35.43586
          ],
          [
            -71.630195,
            -35.435919
          ],
          [
            -71.63021,
            -35.435979
          ],
          [
            -71.63022,
            -35.436039
          ],
          [
            -71.630217,
            -35.436112
          ],
          [
            -71.630225,
            -35.436185
          ],
          [
            -71.63024,
            -35.43625
          ],
          [
            -71.630274,
            -35.436329
          ]
        ]
      }
    },
    {
      "type": "Feature",
      "id": "osm-565539106",
      "properties": {
        "id": "talca-osm-565539106",
        "name": "Avenida San Miguel",
        "has_custom_name": true,
        "type": "Infraestructura ciclista sobre calle (ciclobanda / lane)",
        "category": "on_street",
        "highway": "trunk",
        "surface": "asphalt",
        "surface_display": "asphalt",
        "segregated": null,
        "segregated_display": "Sin información",
        "oneway": "yes",
        "length_m": 228.8,
        "length_km": 0.23,
        "source": "OpenStreetMap Contributors",
        "source_id": 565539106,
        "is_demo": false,
        "raw_osm_tags": {
          "alt_name": "Ruta 115 CH",
          "cycleway:right": "lane",
          "highway": "trunk",
          "lanes": "2",
          "lit": "yes",
          "maxspeed": "50",
          "name": "Avenida San Miguel",
          "official_name": "Cruce Ruta 5 (Talca) - Paso El Pehuenche",
          "oneway": "yes",
          "ref": "115",
          "source:ref": "Vialidad",
          "surface": "asphalt"
        }
      },
      "geometry": {
        "type": "LineString",
        "coordinates": [
          [
            -71.629653,
            -35.434248
          ],
          [
            -71.629764,
            -35.434212
          ],
          [
            -71.630123,
            -35.434098
          ],
          [
            -71.630217,
            -35.434071
          ],
          [
            -71.630312,
            -35.434048
          ],
          [
            -71.630406,
            -35.434028
          ],
          [
            -71.630501,
            -35.434011
          ],
          [
            -71.630605,
            -35.433991
          ],
          [
            -71.630708,
            -35.433967
          ],
          [
            -71.630805,
            -35.43394
          ],
          [
            -71.6309,
            -35.433911
          ],
          [
            -71.632025,
            -35.43355
          ]
        ]
      }
    },
    {
      "type": "Feature",
      "id": "osm-566810540",
      "properties": {
        "id": "talca-osm-566810540",
        "name": "Avenida Las Rastras",
        "has_custom_name": true,
        "type": "Infraestructura ciclista sobre calle (ciclobanda / lane)",
        "category": "on_street",
        "highway": "secondary",
        "surface": "asphalt",
        "surface_display": "asphalt",
        "segregated": null,
        "segregated_display": "Sin información",
        "oneway": null,
        "length_m": 13.9,
        "length_km": 0.01,
        "source": "OpenStreetMap Contributors",
        "source_id": 566810540,
        "is_demo": false,
        "raw_osm_tags": {
          "cycleway": "lane",
          "highway": "secondary",
          "lanes": "3",
          "lanes:backward": "1",
          "lanes:forward": "2",
          "lit": "yes",
          "maxspeed": "50",
          "name": "Avenida Las Rastras",
          "official_name": "Cruce Ruta 115 CH (San Miguel) - Las Rastras - Cruce J-75-K (Punta de Diamante)",
          "old_ref": "K-55",
          "ref": "K-35",
          "source:ref": "Vialidad",
          "surface": "asphalt",
          "turn:lanes:backward": "through",
          "turn:lanes:forward": "left|through;right"
        }
      },
      "geometry": {
        "type": "LineString",
        "coordinates": [
          [
            -71.610909,
            -35.436653
          ],
          [
            -71.610876,
            -35.436614
          ],
          [
            -71.610823,
            -35.436549
          ]
        ]
      }
    },
    {
      "type": "Feature",
      "id": "osm-566810541",
      "properties": {
        "id": "talca-osm-566810541",
        "name": "Avenida Las Rastras",
        "has_custom_name": true,
        "type": "Infraestructura ciclista sobre calle (ciclobanda / lane)",
        "category": "on_street",
        "highway": "tertiary",
        "surface": "asphalt",
        "surface_display": "asphalt",
        "segregated": null,
        "segregated_display": "Sin información",
        "oneway": null,
        "length_m": 39.2,
        "length_km": 0.04,
        "source": "OpenStreetMap Contributors",
        "source_id": 566810541,
        "is_demo": false,
        "raw_osm_tags": {
          "cycleway": "lane",
          "cycleway:right": "lane",
          "highway": "tertiary",
          "lanes": "3",
          "lanes:backward": "2",
          "lanes:forward": "1",
          "lit": "yes",
          "maxspeed": "50",
          "name": "Avenida Las Rastras",
          "official_name": "Cruce Ruta 115 CH (San Miguel) - Las Rastras - Cruce J-75-K (Punta de Diamante)",
          "old_ref": "K-55",
          "ref": "K-35",
          "source:ref": "Vialidad",
          "surface": "asphalt",
          "turn:lanes:backward": "left|through;right",
          "turn:lanes:forward": "through"
        }
      },
      "geometry": {
        "type": "LineString",
        "coordinates": [
          [
            -71.610823,
            -35.436549
          ],
          [
            -71.610579,
            -35.436258
          ]
        ]
      }
    },
    {
      "type": "Feature",
      "id": "osm-566810542",
      "properties": {
        "id": "talca-osm-566810542",
        "name": "Avenida Las Rastras",
        "has_custom_name": true,
        "type": "Infraestructura ciclista sobre calle (ciclobanda / lane)",
        "category": "on_street",
        "highway": "tertiary",
        "surface": "asphalt",
        "surface_display": "asphalt",
        "segregated": null,
        "segregated_display": "Sin información",
        "oneway": null,
        "length_m": 256.6,
        "length_km": 0.26,
        "source": "OpenStreetMap Contributors",
        "source_id": 566810542,
        "is_demo": false,
        "raw_osm_tags": {
          "cycleway": "lane",
          "cycleway:both": "lane",
          "cycleway:surface": "paved",
          "highway": "tertiary",
          "lanes": "2",
          "lit": "yes",
          "maxspeed": "50",
          "name": "Avenida Las Rastras",
          "official_name": "Cruce Ruta 115 CH (San Miguel) - Las Rastras - Cruce J-75-K (Punta de Diamante)",
          "old_ref": "K-55",
          "ref": "K-35",
          "source:ref": "Vialidad",
          "surface": "asphalt"
        }
      },
      "geometry": {
        "type": "LineString",
        "coordinates": [
          [
            -71.610295,
            -35.435925
          ],
          [
            -71.610063,
            -35.435653
          ],
          [
            -71.609972,
            -35.435544
          ],
          [
            -71.609875,
            -35.43542
          ],
          [
            -71.60979,
            -35.435306
          ],
          [
            -71.609707,
            -35.435191
          ],
          [
            -71.609664,
            -35.435119
          ],
          [
            -71.609592,
            -35.435008
          ],
          [
            -71.60938,
            -35.434666
          ],
          [
            -71.609205,
            -35.434381
          ],
          [
            -71.608916,
            -35.433914
          ]
        ]
      }
    },
    {
      "type": "Feature",
      "id": "osm-566810543",
      "properties": {
        "id": "talca-osm-566810543",
        "name": "Avenida Las Rastras",
        "has_custom_name": true,
        "type": "Infraestructura ciclista sobre calle (ciclobanda / lane)",
        "category": "on_street",
        "highway": "tertiary",
        "surface": "asphalt",
        "surface_display": "asphalt",
        "segregated": null,
        "segregated_display": "Sin información",
        "oneway": "yes",
        "length_m": 225.5,
        "length_km": 0.23,
        "source": "OpenStreetMap Contributors",
        "source_id": 566810543,
        "is_demo": false,
        "raw_osm_tags": {
          "cycleway": "lane",
          "highway": "tertiary",
          "lanes": "2",
          "lit": "yes",
          "maxspeed": "50",
          "name": "Avenida Las Rastras",
          "official_name": "Cruce Ruta 115 CH (San Miguel) - Las Rastras - Cruce J-75-K (Punta de Diamante)",
          "old_ref": "K-55",
          "oneway": "yes",
          "ref": "K-35",
          "source:ref": "Vialidad",
          "surface": "asphalt"
        }
      },
      "geometry": {
        "type": "LineString",
        "coordinates": [
          [
            -71.607315,
            -35.431316
          ],
          [
            -71.607422,
            -35.431428
          ],
          [
            -71.607473,
            -35.431507
          ],
          [
            -71.608085,
            -35.432517
          ],
          [
            -71.608479,
            -35.433106
          ]
        ]
      }
    },
    {
      "type": "Feature",
      "id": "osm-566810544",
      "properties": {
        "id": "talca-osm-566810544",
        "name": "Avenida Las Rastras",
        "has_custom_name": true,
        "type": "Infraestructura ciclista sobre calle (ciclobanda / lane)",
        "category": "on_street",
        "highway": "tertiary",
        "surface": "asphalt",
        "surface_display": "asphalt",
        "segregated": null,
        "segregated_display": "Sin información",
        "oneway": "yes",
        "length_m": 227.3,
        "length_km": 0.23,
        "source": "OpenStreetMap Contributors",
        "source_id": 566810544,
        "is_demo": false,
        "raw_osm_tags": {
          "cycleway": "lane",
          "cycleway:right": "lane",
          "highway": "tertiary",
          "lanes": "2",
          "lit": "yes",
          "maxspeed": "50",
          "name": "Avenida Las Rastras",
          "official_name": "Cruce Ruta 115 CH (San Miguel) - Las Rastras - Cruce J-75-K (Punta de Diamante)",
          "old_ref": "K-55",
          "oneway": "yes",
          "ref": "K-35",
          "source:ref": "Vialidad",
          "surface": "asphalt"
        }
      },
      "geometry": {
        "type": "LineString",
        "coordinates": [
          [
            -71.608407,
            -35.433155
          ],
          [
            -71.608299,
            -35.432974
          ],
          [
            -71.60813,
            -35.432727
          ],
          [
            -71.607997,
            -35.432508
          ],
          [
            -71.607436,
            -35.431562
          ],
          [
            -71.607369,
            -35.431422
          ],
          [
            -71.607315,
            -35.431316
          ]
        ]
      }
    },
    {
      "type": "Feature",
      "id": "osm-566810545",
      "properties": {
        "id": "talca-osm-566810545",
        "name": "Avenida Las Rastras",
        "has_custom_name": true,
        "type": "Infraestructura ciclista sobre calle (ciclobanda / lane)",
        "category": "on_street",
        "highway": "tertiary",
        "surface": "asphalt",
        "surface_display": "asphalt",
        "segregated": null,
        "segregated_display": "Sin información",
        "oneway": null,
        "length_m": 179.7,
        "length_km": 0.18,
        "source": "OpenStreetMap Contributors",
        "source_id": 566810545,
        "is_demo": false,
        "raw_osm_tags": {
          "cycleway": "lane",
          "cycleway:both": "lane",
          "cycleway:surface": "paved",
          "highway": "tertiary",
          "lanes": "2",
          "lit": "yes",
          "maxspeed": "50",
          "name": "Avenida Las Rastras",
          "official_name": "Cruce Ruta 115 CH (San Miguel) - Las Rastras - Cruce J-75-K (Punta de Diamante)",
          "old_ref": "K-55",
          "ref": "K-35",
          "source:ref": "Vialidad",
          "surface": "asphalt"
        }
      },
      "geometry": {
        "type": "LineString",
        "coordinates": [
          [
            -71.607236,
            -35.43119
          ],
          [
            -71.60638,
            -35.429812
          ],
          [
            -71.60634,
            -35.429748
          ]
        ]
      }
    },
    {
      "type": "Feature",
      "id": "osm-566827660",
      "properties": {
        "id": "talca-osm-566827660",
        "name": "Calle 11 Oriente",
        "has_custom_name": true,
        "type": "Infraestructura ciclista sobre calle (segregada / track)",
        "category": "on_street",
        "highway": "secondary",
        "surface": "concrete",
        "surface_display": "concrete",
        "segregated": null,
        "segregated_display": "Sin información",
        "oneway": null,
        "length_m": 146.3,
        "length_km": 0.15,
        "source": "OpenStreetMap Contributors",
        "source_id": 566827660,
        "is_demo": false,
        "raw_osm_tags": {
          "cycleway:right": "track",
          "highway": "secondary",
          "lanes": "3",
          "lanes:backward": "2",
          "lanes:forward": "1",
          "lit": "yes",
          "maxspeed": "50",
          "name": "Calle 11 Oriente",
          "surface": "concrete"
        }
      },
      "geometry": {
        "type": "LineString",
        "coordinates": [
          [
            -71.648992,
            -35.415614
          ],
          [
            -71.649009,
            -35.41508
          ],
          [
            -71.649015,
            -35.414849
          ],
          [
            -71.649015,
            -35.414742
          ],
          [
            -71.649007,
            -35.414635
          ],
          [
            -71.64899,
            -35.414517
          ],
          [
            -71.648964,
            -35.4144
          ],
          [
            -71.648935,
            -35.414304
          ]
        ]
      }
    },
    {
      "type": "Feature",
      "id": "osm-567192748",
      "properties": {
        "id": "talca-osm-567192748",
        "name": "18 Oriente",
        "has_custom_name": true,
        "type": "Infraestructura ciclista sobre calle (segregada / track)",
        "category": "on_street",
        "highway": "tertiary",
        "surface": "concrete",
        "surface_display": "concrete",
        "segregated": null,
        "segregated_display": "Sin información",
        "oneway": null,
        "length_m": 202.1,
        "length_km": 0.2,
        "source": "OpenStreetMap Contributors",
        "source_id": 567192748,
        "is_demo": false,
        "raw_osm_tags": {
          "cycleway:right": "track",
          "cycleway:right:oneway": "no",
          "highway": "tertiary",
          "lanes": "2",
          "lit": "yes",
          "maxspeed": "50",
          "name": "18 Oriente",
          "surface": "concrete"
        }
      },
      "geometry": {
        "type": "LineString",
        "coordinates": [
          [
            -71.639246,
            -35.426988
          ],
          [
            -71.63906,
            -35.42667
          ],
          [
            -71.638979,
            -35.426532
          ],
          [
            -71.638905,
            -35.426412
          ],
          [
            -71.638825,
            -35.426279
          ],
          [
            -71.638274,
            -35.425352
          ]
        ]
      }
    },
    {
      "type": "Feature",
      "id": "osm-567192749",
      "properties": {
        "id": "talca-osm-567192749",
        "name": "18 Oriente",
        "has_custom_name": true,
        "type": "Infraestructura ciclista sobre calle (segregada / track)",
        "category": "on_street",
        "highway": "tertiary",
        "surface": "concrete",
        "surface_display": "concrete",
        "segregated": null,
        "segregated_display": "Sin información",
        "oneway": "yes",
        "length_m": 36.0,
        "length_km": 0.04,
        "source": "OpenStreetMap Contributors",
        "source_id": 567192749,
        "is_demo": false,
        "raw_osm_tags": {
          "cycleway:right": "track",
          "cycleway:right:oneway": "no",
          "highway": "tertiary",
          "lanes": "1",
          "lit": "yes",
          "maxspeed": "50",
          "name": "18 Oriente",
          "oneway": "yes",
          "surface": "concrete"
        }
      },
      "geometry": {
        "type": "LineString",
        "coordinates": [
          [
            -71.639548,
            -35.427497
          ],
          [
            -71.63934,
            -35.427221
          ]
        ]
      }
    },
    {
      "type": "Feature",
      "id": "osm-567192750",
      "properties": {
        "id": "talca-osm-567192750",
        "name": "18 Oriente",
        "has_custom_name": true,
        "type": "Infraestructura ciclista sobre calle (segregada / track)",
        "category": "on_street",
        "highway": "tertiary",
        "surface": "concrete",
        "surface_display": "concrete",
        "segregated": null,
        "segregated_display": "Sin información",
        "oneway": "yes",
        "length_m": 27.3,
        "length_km": 0.03,
        "source": "OpenStreetMap Contributors",
        "source_id": 567192750,
        "is_demo": false,
        "raw_osm_tags": {
          "cycleway:right": "track",
          "cycleway:right:oneway": "no",
          "highway": "tertiary",
          "lanes": "1",
          "lit": "yes",
          "maxspeed": "50",
          "name": "18 Oriente",
          "oneway": "yes",
          "surface": "concrete"
        }
      },
      "geometry": {
        "type": "LineString",
        "coordinates": [
          [
            -71.63934,
            -35.427221
          ],
          [
            -71.639246,
            -35.426988
          ]
        ]
      }
    },
    {
      "type": "Feature",
      "id": "osm-591445974",
      "properties": {
        "id": "talca-osm-591445974",
        "name": "Avenida San Miguel",
        "has_custom_name": true,
        "type": "Infraestructura ciclista sobre calle (segregada / track)",
        "category": "on_street",
        "highway": "trunk",
        "surface": "asphalt",
        "surface_display": "asphalt",
        "segregated": null,
        "segregated_display": "Sin información",
        "oneway": "yes",
        "length_m": 179.2,
        "length_km": 0.18,
        "source": "OpenStreetMap Contributors",
        "source_id": 591445974,
        "is_demo": false,
        "raw_osm_tags": {
          "alt_name": "Ruta 115 CH",
          "cycleway:right": "track",
          "highway": "trunk",
          "lanes": "2",
          "lit": "yes",
          "maxspeed": "50",
          "name": "Avenida San Miguel",
          "official_name": "Cruce Ruta 5 (Talca) - Paso El Pehuenche",
          "oneway": "yes",
          "ref": "115",
          "source:ref": "Vialidad",
          "surface": "asphalt"
        }
      },
      "geometry": {
        "type": "LineString",
        "coordinates": [
          [
            -71.627379,
            -35.435014
          ],
          [
            -71.62798,
            -35.434823
          ],
          [
            -71.628098,
            -35.434781
          ],
          [
            -71.628185,
            -35.434747
          ],
          [
            -71.628312,
            -35.434691
          ],
          [
            -71.628366,
            -35.434669
          ],
          [
            -71.628455,
            -35.434633
          ],
          [
            -71.628577,
            -35.434591
          ],
          [
            -71.628627,
            -35.434574
          ],
          [
            -71.629174,
            -35.434399
          ],
          [
            -71.629201,
            -35.43439
          ]
        ]
      }
    },
    {
      "type": "Feature",
      "id": "osm-627633632",
      "properties": {
        "id": "talca-osm-627633632",
        "name": "Avenida 5 Oriente",
        "has_custom_name": true,
        "type": "Infraestructura ciclista sobre calle (segregada / track)",
        "category": "on_street",
        "highway": "tertiary",
        "surface": "concrete",
        "surface_display": "concrete",
        "segregated": null,
        "segregated_display": "Sin información",
        "oneway": "no",
        "length_m": 20.2,
        "length_km": 0.02,
        "source": "OpenStreetMap Contributors",
        "source_id": 627633632,
        "is_demo": false,
        "raw_osm_tags": {
          "bridge": "yes",
          "cycleway:left": "track",
          "highway": "tertiary",
          "lanes": "2",
          "layer": "1",
          "lit": "yes",
          "maxspeed": "50",
          "name": "Avenida 5 Oriente",
          "oneway": "no",
          "surface": "concrete"
        }
      },
      "geometry": {
        "type": "LineString",
        "coordinates": [
          [
            -71.653303,
            -35.404091
          ],
          [
            -71.65325,
            -35.403915
          ]
        ]
      }
    },
    {
      "type": "Feature",
      "id": "osm-627633633",
      "properties": {
        "id": "talca-osm-627633633",
        "name": "Avenida 5 Oriente",
        "has_custom_name": true,
        "type": "Infraestructura ciclista sobre calle (segregada / track)",
        "category": "on_street",
        "highway": "tertiary",
        "surface": "concrete",
        "surface_display": "concrete",
        "segregated": null,
        "segregated_display": "Sin información",
        "oneway": "no",
        "length_m": 111.3,
        "length_km": 0.11,
        "source": "OpenStreetMap Contributors",
        "source_id": 627633633,
        "is_demo": false,
        "raw_osm_tags": {
          "cycleway:left": "track",
          "highway": "tertiary",
          "lanes": "2",
          "lit": "yes",
          "maxspeed": "50",
          "name": "Avenida 5 Oriente",
          "oneway": "no",
          "surface": "concrete"
        }
      },
      "geometry": {
        "type": "LineString",
        "coordinates": [
          [
            -71.653606,
            -35.405061
          ],
          [
            -71.65356,
            -35.40492
          ],
          [
            -71.65338,
            -35.404338
          ],
          [
            -71.653352,
            -35.404251
          ],
          [
            -71.653309,
            -35.404111
          ],
          [
            -71.653303,
            -35.404091
          ]
        ]
      }
    },
    {
      "type": "Feature",
      "id": "osm-684175638",
      "properties": {
        "id": "talca-osm-684175638",
        "name": "Vía ciclista sin nombre",
        "has_custom_name": false,
        "type": "Vía ciclista dedicada",
        "category": "dedicated",
        "highway": "cycleway",
        "surface": "paved",
        "surface_display": "paved",
        "segregated": null,
        "segregated_display": "Sin información",
        "oneway": null,
        "length_m": 3000.1,
        "length_km": 3.0,
        "source": "OpenStreetMap Contributors",
        "source_id": 684175638,
        "is_demo": false,
        "raw_osm_tags": {
          "highway": "cycleway",
          "surface": "paved"
        }
      },
      "geometry": {
        "type": "LineString",
        "coordinates": [
          [
            -71.63047,
            -35.400212
          ],
          [
            -71.630508,
            -35.400187
          ],
          [
            -71.630589,
            -35.40017
          ],
          [
            -71.630753,
            -35.400134
          ],
          [
            -71.630879,
            -35.400084
          ],
          [
            -71.631015,
            -35.40001
          ],
          [
            -71.631066,
            -35.399991
          ],
          [
            -71.631108,
            -35.399991
          ],
          [
            -71.631153,
            -35.400006
          ],
          [
            -71.631208,
            -35.400025
          ],
          [
            -71.631243,
            -35.400025
          ],
          [
            -71.631269,
            -35.400005
          ],
          [
            -71.631288,
            -35.399991
          ],
          [
            -71.631395,
            -35.39992
          ],
          [
            -71.631508,
            -35.399855
          ],
          [
            -71.631659,
            -35.399789
          ],
          [
            -71.631807,
            -35.399737
          ],
          [
            -71.631965,
            -35.3997
          ],
          [
            -71.632106,
            -35.399682
          ],
          [
            -71.632234,
            -35.399675
          ],
          [
            -71.632371,
            -35.399674
          ],
          [
            -71.633634,
            -35.399711
          ],
          [
            -71.635492,
            -35.399794
          ],
          [
            -71.636946,
            -35.399828
          ],
          [
            -71.638322,
            -35.399718
          ],
          [
            -71.639545,
            -35.399583
          ],
          [
            -71.640177,
            -35.399463
          ],
          [
            -71.640619,
            -35.39937
          ],
          [
            -71.640993,
            -35.399293
          ],
          [
            -71.642212,
            -35.399006
          ],
          [
            -71.642524,
            -35.398932
          ],
          [
            -71.645659,
            -35.398206
          ],
          [
            -71.647215,
            -35.397852
          ],
          [
            -71.648006,
            -35.397662
          ],
          [
            -71.650247,
            -35.397165
          ],
          [
            -71.65045,
            -35.39712
          ],
          [
            -71.650655,
            -35.397081
          ],
          [
            -71.650861,
            -35.397049
          ],
          [
            -71.6511,
            -35.39702
          ],
          [
            -71.651179,
            -35.397013
          ],
          [
            -71.65134,
            -35.397
          ],
          [
            -71.651444,
            -35.397025
          ],
          [
            -71.651531,
            -35.397031
          ],
          [
            -71.651625,
            -35.39703
          ],
          [
            -71.65164,
            -35.39703
          ],
          [
            -71.651747,
            -35.396994
          ],
          [
            -71.651908,
            -35.397
          ],
          [
            -71.652097,
            -35.397016
          ],
          [
            -71.652285,
            -35.397039
          ],
          [
            -71.652471,
            -35.397071
          ],
          [
            -71.65263,
            -35.397105
          ],
          [
            -71.652787,
            -35.397145
          ],
          [
            -71.652942,
            -35.39719
          ],
          [
            -71.653129,
            -35.397252
          ],
          [
            -71.653312,
            -35.397321
          ],
          [
            -71.653492,
            -35.397396
          ],
          [
            -71.65365,
            -35.397474
          ],
          [
            -71.653808,
            -35.39756
          ],
          [
            -71.653961,
            -35.397652
          ],
          [
            -71.654107,
            -35.397748
          ],
          [
            -71.654246,
            -35.39785
          ],
          [
            -71.654378,
            -35.397954
          ],
          [
            -71.654507,
            -35.398061
          ],
          [
            -71.654659,
            -35.398191
          ],
          [
            -71.654806,
            -35.398324
          ],
          [
            -71.655145,
            -35.398638
          ],
          [
            -71.655233,
            -35.398715
          ],
          [
            -71.655325,
            -35.398789
          ],
          [
            -71.655445,
            -35.398875
          ],
          [
            -71.655568,
            -35.398954
          ],
          [
            -71.655697,
            -35.399026
          ],
          [
            -71.655831,
            -35.399093
          ],
          [
            -71.655959,
            -35.399148
          ],
          [
            -71.656091,
            -35.399198
          ],
          [
            -71.656226,
            -35.399241
          ],
          [
            -71.656692,
            -35.399382
          ],
          [
            -71.656835,
            -35.399429
          ],
          [
            -71.656972,
            -35.399483
          ],
          [
            -71.657106,
            -35.399545
          ],
          [
            -71.657229,
            -35.399611
          ],
          [
            -71.657348,
            -35.399683
          ],
          [
            -71.657462,
            -35.399759
          ],
          [
            -71.657583,
            -35.399851
          ],
          [
            -71.657697,
            -35.399949
          ],
          [
            -71.657972,
            -35.400192
          ],
          [
            -71.658146,
            -35.400345
          ],
          [
            -71.658287,
            -35.400466
          ],
          [
            -71.658421,
            -35.400587
          ],
          [
            -71.658573,
            -35.400692
          ],
          [
            -71.658814,
            -35.400873
          ],
          [
            -71.659063,
            -35.401049
          ],
          [
            -71.659346,
            -35.401235
          ],
          [
            -71.659607,
            -35.401396
          ],
          [
            -71.65995,
            -35.401604
          ],
          [
            -71.660411,
            -35.401888
          ],
          [
            -71.660735,
            -35.402091
          ]
        ]
      }
    },
    {
      "type": "Feature",
      "id": "osm-684175641",
      "properties": {
        "id": "talca-osm-684175641",
        "name": "Vía ciclista sin nombre",
        "has_custom_name": false,
        "type": "Vía ciclista dedicada",
        "category": "dedicated",
        "highway": "cycleway",
        "surface": "paved",
        "surface_display": "paved",
        "segregated": null,
        "segregated_display": "Sin información",
        "oneway": null,
        "length_m": 45.5,
        "length_km": 0.05,
        "source": "OpenStreetMap Contributors",
        "source_id": 684175641,
        "is_demo": false,
        "raw_osm_tags": {
          "bridge": "yes",
          "highway": "cycleway",
          "layer": "1",
          "surface": "paved"
        }
      },
      "geometry": {
        "type": "LineString",
        "coordinates": [
          [
            -71.661117,
            -35.402357
          ],
          [
            -71.660735,
            -35.402091
          ]
        ]
      }
    },
    {
      "type": "Feature",
      "id": "osm-725210057",
      "properties": {
        "id": "talca-osm-725210057",
        "name": "Vía ciclista sin nombre",
        "has_custom_name": false,
        "type": "Vía ciclista dedicada",
        "category": "dedicated",
        "highway": "cycleway",
        "surface": null,
        "surface_display": "Sin información",
        "segregated": null,
        "segregated_display": "Sin información",
        "oneway": "no",
        "length_m": 668.2,
        "length_km": 0.67,
        "source": "OpenStreetMap Contributors",
        "source_id": 725210057,
        "is_demo": false,
        "raw_osm_tags": {
          "highway": "cycleway",
          "oneway": "no"
        }
      },
      "geometry": {
        "type": "LineString",
        "coordinates": [
          [
            -71.64891,
            -35.41575
          ],
          [
            -71.64891,
            -35.415649
          ],
          [
            -71.648933,
            -35.415089
          ],
          [
            -71.648947,
            -35.414653
          ],
          [
            -71.648883,
            -35.414316
          ],
          [
            -71.648663,
            -35.413831
          ],
          [
            -71.648554,
            -35.413618
          ],
          [
            -71.648096,
            -35.412961
          ],
          [
            -71.647918,
            -35.412741
          ],
          [
            -71.647667,
            -35.412446
          ],
          [
            -71.647414,
            -35.412154
          ],
          [
            -71.647173,
            -35.411871
          ],
          [
            -71.646903,
            -35.411595
          ],
          [
            -71.646633,
            -35.411351
          ],
          [
            -71.64635,
            -35.411103
          ],
          [
            -71.64607,
            -35.410851
          ],
          [
            -71.645751,
            -35.41057
          ]
        ]
      }
    },
    {
      "type": "Feature",
      "id": "osm-725210636",
      "properties": {
        "id": "talca-osm-725210636",
        "name": "Vía ciclista sin nombre",
        "has_custom_name": false,
        "type": "Vía ciclista dedicada",
        "category": "dedicated",
        "highway": "cycleway",
        "surface": null,
        "surface_display": "Sin información",
        "segregated": null,
        "segregated_display": "Sin información",
        "oneway": null,
        "length_m": 1389.2,
        "length_km": 1.39,
        "source": "OpenStreetMap Contributors",
        "source_id": 725210636,
        "is_demo": false,
        "raw_osm_tags": {
          "highway": "cycleway"
        }
      },
      "geometry": {
        "type": "LineString",
        "coordinates": [
          [
            -71.636441,
            -35.432063
          ],
          [
            -71.635063,
            -35.432505
          ],
          [
            -71.634663,
            -35.432625
          ],
          [
            -71.634626,
            -35.432618
          ],
          [
            -71.634585,
            -35.432597
          ],
          [
            -71.634512,
            -35.432622
          ],
          [
            -71.634466,
            -35.432637
          ],
          [
            -71.634449,
            -35.432641
          ],
          [
            -71.634395,
            -35.432693
          ],
          [
            -71.634307,
            -35.432734
          ],
          [
            -71.633248,
            -35.433069
          ],
          [
            -71.632173,
            -35.433414
          ],
          [
            -71.631726,
            -35.433548
          ],
          [
            -71.630771,
            -35.433847
          ],
          [
            -71.62973,
            -35.434141
          ],
          [
            -71.629764,
            -35.434212
          ],
          [
            -71.62981,
            -35.434319
          ],
          [
            -71.629829,
            -35.434355
          ],
          [
            -71.629709,
            -35.434394
          ],
          [
            -71.629637,
            -35.434418
          ],
          [
            -71.629542,
            -35.434449
          ],
          [
            -71.629431,
            -35.43448
          ],
          [
            -71.629287,
            -35.43452
          ],
          [
            -71.629248,
            -35.434531
          ],
          [
            -71.628846,
            -35.434657
          ],
          [
            -71.628513,
            -35.434812
          ],
          [
            -71.628058,
            -35.434952
          ],
          [
            -71.627863,
            -35.435022
          ],
          [
            -71.627427,
            -35.435179
          ],
          [
            -71.627414,
            -35.435184
          ],
          [
            -71.626855,
            -35.43535
          ],
          [
            -71.626682,
            -35.435402
          ],
          [
            -71.625813,
            -35.435695
          ],
          [
            -71.624992,
            -35.435968
          ],
          [
            -71.624505,
            -35.436126
          ],
          [
            -71.624257,
            -35.436196
          ],
          [
            -71.623696,
            -35.436372
          ],
          [
            -71.622567,
            -35.43674
          ]
        ]
      }
    },
    {
      "type": "Feature",
      "id": "osm-725211182",
      "properties": {
        "id": "talca-osm-725211182",
        "name": "Vía ciclista sin nombre",
        "has_custom_name": false,
        "type": "Vía ciclista dedicada",
        "category": "dedicated",
        "highway": "cycleway",
        "surface": null,
        "surface_display": "Sin información",
        "segregated": null,
        "segregated_display": "Sin información",
        "oneway": null,
        "length_m": 2266.3,
        "length_km": 2.27,
        "source": "OpenStreetMap Contributors",
        "source_id": 725211182,
        "is_demo": false,
        "raw_osm_tags": {
          "cycleway": "crossing",
          "foot": "designated",
          "highway": "cycleway"
        }
      },
      "geometry": {
        "type": "LineString",
        "coordinates": [
          [
            -71.637142,
            -35.431875
          ],
          [
            -71.63721,
            -35.431855
          ],
          [
            -71.63727,
            -35.431837
          ],
          [
            -71.637309,
            -35.431846
          ],
          [
            -71.637318,
            -35.431869
          ],
          [
            -71.637348,
            -35.43194
          ],
          [
            -71.637425,
            -35.43213
          ],
          [
            -71.637476,
            -35.432257
          ],
          [
            -71.637547,
            -35.432431
          ],
          [
            -71.637617,
            -35.432602
          ],
          [
            -71.637723,
            -35.432861
          ],
          [
            -71.637921,
            -35.433347
          ],
          [
            -71.638052,
            -35.433638
          ],
          [
            -71.638141,
            -35.433764
          ],
          [
            -71.63832,
            -35.43402
          ],
          [
            -71.638354,
            -35.434107
          ],
          [
            -71.638399,
            -35.434177
          ],
          [
            -71.638763,
            -35.435034
          ],
          [
            -71.639028,
            -35.435755
          ],
          [
            -71.639079,
            -35.435884
          ],
          [
            -71.639275,
            -35.436357
          ],
          [
            -71.639307,
            -35.436434
          ],
          [
            -71.639851,
            -35.437696
          ],
          [
            -71.639946,
            -35.437788
          ],
          [
            -71.640052,
            -35.437855
          ],
          [
            -71.640166,
            -35.437865
          ],
          [
            -71.640295,
            -35.43784
          ],
          [
            -71.64083,
            -35.437726
          ],
          [
            -71.641007,
            -35.437652
          ],
          [
            -71.641496,
            -35.437504
          ],
          [
            -71.641873,
            -35.437391
          ],
          [
            -71.641969,
            -35.437363
          ],
          [
            -71.642401,
            -35.43724
          ],
          [
            -71.642662,
            -35.437167
          ],
          [
            -71.642953,
            -35.437083
          ],
          [
            -71.643517,
            -35.43692
          ],
          [
            -71.643767,
            -35.436849
          ],
          [
            -71.643865,
            -35.436817
          ],
          [
            -71.64389,
            -35.436768
          ],
          [
            -71.64381,
            -35.436669
          ],
          [
            -71.643698,
            -35.436519
          ],
          [
            -71.643158,
            -35.435842
          ],
          [
            -71.642711,
            -35.435225
          ],
          [
            -71.642615,
            -35.435106
          ],
          [
            -71.642009,
            -35.43435
          ],
          [
            -71.641953,
            -35.434283
          ],
          [
            -71.641925,
            -35.434274
          ],
          [
            -71.641895,
            -35.434264
          ],
          [
            -71.641809,
            -35.434279
          ],
          [
            -71.641786,
            -35.434228
          ],
          [
            -71.641762,
            -35.434174
          ],
          [
            -71.641816,
            -35.434106
          ],
          [
            -71.64185,
            -35.434063
          ],
          [
            -71.641809,
            -35.433958
          ],
          [
            -71.641404,
            -35.433359
          ],
          [
            -71.641355,
            -35.433307
          ],
          [
            -71.64125,
            -35.43315
          ],
          [
            -71.641097,
            -35.432935
          ],
          [
            -71.641026,
            -35.432831
          ],
          [
            -71.640624,
            -35.432211
          ],
          [
            -71.640529,
            -35.432018
          ],
          [
            -71.640234,
            -35.431617
          ],
          [
            -71.640213,
            -35.431587
          ],
          [
            -71.640051,
            -35.431356
          ],
          [
            -71.640007,
            -35.43126
          ],
          [
            -71.639998,
            -35.431225
          ],
          [
            -71.639975,
            -35.431146
          ],
          [
            -71.639975,
            -35.431096
          ],
          [
            -71.640048,
            -35.431096
          ],
          [
            -71.640105,
            -35.431097
          ],
          [
            -71.640153,
            -35.431035
          ],
          [
            -71.640201,
            -35.430972
          ],
          [
            -71.640216,
            -35.430951
          ],
          [
            -71.640212,
            -35.430891
          ],
          [
            -71.640309,
            -35.430373
          ],
          [
            -71.6407,
            -35.42948
          ],
          [
            -71.640719,
            -35.429307
          ],
          [
            -71.640698,
            -35.429125
          ],
          [
            -71.640614,
            -35.428929
          ],
          [
            -71.640378,
            -35.428514
          ],
          [
            -71.640218,
            -35.428234
          ],
          [
            -71.640162,
            -35.428163
          ],
          [
            -71.640096,
            -35.428053
          ],
          [
            -71.640023,
            -35.42793
          ],
          [
            -71.640022,
            -35.427915
          ],
          [
            -71.640028,
            -35.427895
          ],
          [
            -71.640002,
            -35.427824
          ],
          [
            -71.639947,
            -35.427725
          ],
          [
            -71.639926,
            -35.427675
          ],
          [
            -71.639908,
            -35.427645
          ]
        ]
      }
    },
    {
      "type": "Feature",
      "id": "osm-725211183",
      "properties": {
        "id": "talca-osm-725211183",
        "name": "Vía ciclista sin nombre",
        "has_custom_name": false,
        "type": "Vía ciclista dedicada",
        "category": "dedicated",
        "highway": "cycleway",
        "surface": "paving_stones",
        "surface_display": "paving_stones",
        "segregated": null,
        "segregated_display": "Sin información",
        "oneway": null,
        "length_m": 672.2,
        "length_km": 0.67,
        "source": "OpenStreetMap Contributors",
        "source_id": 725211183,
        "is_demo": false,
        "raw_osm_tags": {
          "highway": "cycleway",
          "surface": "paving_stones"
        }
      },
      "geometry": {
        "type": "LineString",
        "coordinates": [
          [
            -71.640719,
            -35.429307
          ],
          [
            -71.640778,
            -35.429288
          ],
          [
            -71.640899,
            -35.429248
          ],
          [
            -71.640928,
            -35.429245
          ],
          [
            -71.641809,
            -35.429168
          ],
          [
            -71.642985,
            -35.429069
          ],
          [
            -71.643114,
            -35.429055
          ],
          [
            -71.643101,
            -35.429001
          ],
          [
            -71.643087,
            -35.42892
          ],
          [
            -71.644116,
            -35.428833
          ],
          [
            -71.645259,
            -35.428729
          ],
          [
            -71.646451,
            -35.428638
          ],
          [
            -71.647893,
            -35.428536
          ]
        ]
      }
    },
    {
      "type": "Feature",
      "id": "osm-725211767",
      "properties": {
        "id": "talca-osm-725211767",
        "name": "6 oriente",
        "has_custom_name": true,
        "type": "Vía ciclista dedicada",
        "category": "dedicated",
        "highway": "cycleway",
        "surface": "paved",
        "surface_display": "paved",
        "segregated": null,
        "segregated_display": "Sin información",
        "oneway": null,
        "length_m": 2450.9,
        "length_km": 2.45,
        "source": "OpenStreetMap Contributors",
        "source_id": 725211767,
        "is_demo": false,
        "raw_osm_tags": {
          "highway": "cycleway",
          "name": "6 oriente",
          "surface": "paved"
        }
      },
      "geometry": {
        "type": "LineString",
        "coordinates": [
          [
            -71.657469,
            -35.41578
          ],
          [
            -71.657575,
            -35.417144
          ],
          [
            -71.657637,
            -35.417858
          ],
          [
            -71.657695,
            -35.418413
          ],
          [
            -71.657728,
            -35.418807
          ],
          [
            -71.657742,
            -35.418975
          ],
          [
            -71.657779,
            -35.419656
          ],
          [
            -71.657877,
            -35.420907
          ],
          [
            -71.65794,
            -35.422173
          ],
          [
            -71.65794,
            -35.422215
          ],
          [
            -71.657949,
            -35.422522
          ],
          [
            -71.65799,
            -35.422766
          ],
          [
            -71.657992,
            -35.422809
          ],
          [
            -71.658089,
            -35.42414
          ],
          [
            -71.65812,
            -35.424516
          ],
          [
            -71.658178,
            -35.425212
          ],
          [
            -71.658183,
            -35.425297
          ],
          [
            -71.658204,
            -35.425584
          ],
          [
            -71.658286,
            -35.426633
          ],
          [
            -71.658351,
            -35.427365
          ],
          [
            -71.658381,
            -35.427739
          ],
          [
            -71.65842,
            -35.428233
          ],
          [
            -71.658425,
            -35.428293
          ],
          [
            -71.658462,
            -35.428883
          ],
          [
            -71.658548,
            -35.429908
          ],
          [
            -71.658662,
            -35.431265
          ],
          [
            -71.658716,
            -35.432321
          ],
          [
            -71.658867,
            -35.433695
          ],
          [
            -71.658974,
            -35.434427
          ],
          [
            -71.659069,
            -35.435116
          ],
          [
            -71.65916,
            -35.435771
          ],
          [
            -71.659257,
            -35.436374
          ],
          [
            -71.659368,
            -35.437242
          ],
          [
            -71.659397,
            -35.437541
          ],
          [
            -71.659391,
            -35.437573
          ],
          [
            -71.659375,
            -35.43762
          ],
          [
            -71.659393,
            -35.437639
          ],
          [
            -71.659428,
            -35.437716
          ],
          [
            -71.659451,
            -35.437739
          ]
        ]
      }
    },
    {
      "type": "Feature",
      "id": "osm-725211813",
      "properties": {
        "id": "talca-osm-725211813",
        "name": "Ciclovia Piduco",
        "has_custom_name": true,
        "type": "Vía ciclista dedicada",
        "category": "dedicated",
        "highway": "cycleway",
        "surface": "paved",
        "surface_display": "paved",
        "segregated": null,
        "segregated_display": "Sin información",
        "oneway": null,
        "length_m": 1334.3,
        "length_km": 1.33,
        "source": "OpenStreetMap Contributors",
        "source_id": 725211813,
        "is_demo": false,
        "raw_osm_tags": {
          "highway": "cycleway",
          "name": "Ciclovia Piduco",
          "surface": "paved"
        }
      },
      "geometry": {
        "type": "LineString",
        "coordinates": [
          [
            -71.667174,
            -35.432732
          ],
          [
            -71.666968,
            -35.432827
          ],
          [
            -71.666893,
            -35.433014
          ],
          [
            -71.66687,
            -35.433045
          ],
          [
            -71.666798,
            -35.433162
          ],
          [
            -71.666728,
            -35.433268
          ],
          [
            -71.666539,
            -35.433471
          ],
          [
            -71.666135,
            -35.43377
          ],
          [
            -71.666084,
            -35.433847
          ],
          [
            -71.66606,
            -35.433859
          ],
          [
            -71.665994,
            -35.433891
          ],
          [
            -71.665937,
            -35.433898
          ],
          [
            -71.665847,
            -35.433914
          ],
          [
            -71.665403,
            -35.433989
          ],
          [
            -71.665196,
            -35.434026
          ],
          [
            -71.665137,
            -35.434048
          ],
          [
            -71.665111,
            -35.434067
          ],
          [
            -71.664841,
            -35.434325
          ],
          [
            -71.664771,
            -35.434391
          ],
          [
            -71.664712,
            -35.434452
          ],
          [
            -71.664548,
            -35.434659
          ],
          [
            -71.664491,
            -35.434723
          ],
          [
            -71.664431,
            -35.43477
          ],
          [
            -71.664326,
            -35.43481
          ],
          [
            -71.664251,
            -35.434828
          ],
          [
            -71.663878,
            -35.43491
          ],
          [
            -71.663674,
            -35.434956
          ],
          [
            -71.663613,
            -35.434983
          ],
          [
            -71.663007,
            -35.43539
          ],
          [
            -71.662777,
            -35.435538
          ],
          [
            -71.662655,
            -35.43562
          ],
          [
            -71.66228,
            -35.435872
          ],
          [
            -71.66159,
            -35.43634
          ],
          [
            -71.66149,
            -35.436404
          ],
          [
            -71.661145,
            -35.436632
          ],
          [
            -71.661106,
            -35.436657
          ],
          [
            -71.660713,
            -35.436904
          ],
          [
            -71.659927,
            -35.437422
          ],
          [
            -71.659871,
            -35.437462
          ],
          [
            -71.659818,
            -35.437495
          ],
          [
            -71.659451,
            -35.437739
          ],
          [
            -71.65934,
            -35.437811
          ],
          [
            -71.6593,
            -35.43784
          ],
          [
            -71.659165,
            -35.437928
          ],
          [
            -71.659134,
            -35.43795
          ],
          [
            -71.658647,
            -35.438271
          ],
          [
            -71.658315,
            -35.43849
          ],
          [
            -71.658255,
            -35.438527
          ],
          [
            -71.657745,
            -35.438859
          ],
          [
            -71.656785,
            -35.439499
          ],
          [
            -71.656412,
            -35.439751
          ],
          [
            -71.656377,
            -35.439779
          ],
          [
            -71.656276,
            -35.439851
          ],
          [
            -71.656198,
            -35.43994
          ],
          [
            -71.656106,
            -35.440077
          ],
          [
            -71.656018,
            -35.440185
          ]
        ]
      }
    },
    {
      "type": "Feature",
      "id": "osm-725215753",
      "properties": {
        "id": "talca-osm-725215753",
        "name": "Vía ciclista sin nombre",
        "has_custom_name": false,
        "type": "Vía ciclista dedicada (segregada)",
        "category": "dedicated",
        "highway": "cycleway",
        "surface": "concrete",
        "surface_display": "concrete",
        "segregated": "yes",
        "segregated_display": "Segregada físicamente",
        "oneway": null,
        "length_m": 816.1,
        "length_km": 0.82,
        "source": "OpenStreetMap Contributors",
        "source_id": 725215753,
        "is_demo": false,
        "raw_osm_tags": {
          "foot": "designated",
          "highway": "cycleway",
          "lit": "yes",
          "segregated": "yes",
          "surface": "concrete"
        }
      },
      "geometry": {
        "type": "LineString",
        "coordinates": [
          [
            -71.639932,
            -35.404202
          ],
          [
            -71.635809,
            -35.402253
          ],
          [
            -71.635734,
            -35.402216
          ],
          [
            -71.635426,
            -35.402057
          ],
          [
            -71.634871,
            -35.401842
          ],
          [
            -71.634026,
            -35.401492
          ],
          [
            -71.63313,
            -35.40122
          ],
          [
            -71.632615,
            -35.401087
          ],
          [
            -71.631924,
            -35.400903
          ]
        ]
      }
    },
    {
      "type": "Feature",
      "id": "osm-725217576",
      "properties": {
        "id": "talca-osm-725217576",
        "name": "Vía ciclista sin nombre",
        "has_custom_name": false,
        "type": "Vía ciclista dedicada",
        "category": "dedicated",
        "highway": "cycleway",
        "surface": null,
        "surface_display": "Sin información",
        "segregated": null,
        "segregated_display": "Sin información",
        "oneway": null,
        "length_m": 26.0,
        "length_km": 0.03,
        "source": "OpenStreetMap Contributors",
        "source_id": 725217576,
        "is_demo": false,
        "raw_osm_tags": {
          "bridge": "yes",
          "foot": "yes",
          "highway": "cycleway",
          "layer": "1"
        }
      },
      "geometry": {
        "type": "LineString",
        "coordinates": [
          [
            -71.648442,
            -35.409394
          ],
          [
            -71.648252,
            -35.409219
          ]
        ]
      }
    },
    {
      "type": "Feature",
      "id": "osm-727214716",
      "properties": {
        "id": "talca-osm-727214716",
        "name": "Vía ciclista sin nombre",
        "has_custom_name": false,
        "type": "Vía ciclista dedicada",
        "category": "dedicated",
        "highway": "cycleway",
        "surface": null,
        "surface_display": "Sin información",
        "segregated": null,
        "segregated_display": "Sin información",
        "oneway": null,
        "length_m": 295.7,
        "length_km": 0.3,
        "source": "OpenStreetMap Contributors",
        "source_id": 727214716,
        "is_demo": false,
        "raw_osm_tags": {
          "foot": "yes",
          "highway": "cycleway"
        }
      },
      "geometry": {
        "type": "LineString",
        "coordinates": [
          [
            -71.648442,
            -35.409394
          ],
          [
            -71.648695,
            -35.409627
          ],
          [
            -71.650028,
            -35.410879
          ],
          [
            -71.650573,
            -35.411408
          ]
        ]
      }
    },
    {
      "type": "Feature",
      "id": "osm-836914832",
      "properties": {
        "id": "talca-osm-836914832",
        "name": "Vía ciclista sin nombre",
        "has_custom_name": false,
        "type": "Vía ciclista dedicada",
        "category": "dedicated",
        "highway": "cycleway",
        "surface": null,
        "surface_display": "Sin información",
        "segregated": null,
        "segregated_display": "Sin información",
        "oneway": "no",
        "length_m": 62.1,
        "length_km": 0.06,
        "source": "OpenStreetMap Contributors",
        "source_id": 836914832,
        "is_demo": false,
        "raw_osm_tags": {
          "bridge": "yes",
          "highway": "cycleway",
          "layer": "1",
          "oneway": "no"
        }
      },
      "geometry": {
        "type": "LineString",
        "coordinates": [
          [
            -71.648894,
            -35.416308
          ],
          [
            -71.64891,
            -35.41575
          ]
        ]
      }
    },
    {
      "type": "Feature",
      "id": "osm-836914833",
      "properties": {
        "id": "talca-osm-836914833",
        "name": "Vía ciclista sin nombre",
        "has_custom_name": false,
        "type": "Vía ciclista dedicada",
        "category": "dedicated",
        "highway": "cycleway",
        "surface": "concrete",
        "surface_display": "concrete",
        "segregated": null,
        "segregated_display": "Sin información",
        "oneway": "no",
        "length_m": 626.7,
        "length_km": 0.63,
        "source": "OpenStreetMap Contributors",
        "source_id": 836914833,
        "is_demo": false,
        "raw_osm_tags": {
          "highway": "cycleway",
          "oneway": "no",
          "surface": "concrete"
        }
      },
      "geometry": {
        "type": "LineString",
        "coordinates": [
          [
            -71.64952,
            -35.421921
          ],
          [
            -71.649472,
            -35.421486
          ],
          [
            -71.6494,
            -35.420855
          ],
          [
            -71.649384,
            -35.4207
          ],
          [
            -71.649332,
            -35.420238
          ],
          [
            -71.649209,
            -35.41914
          ],
          [
            -71.649204,
            -35.419089
          ],
          [
            -71.649195,
            -35.419013
          ],
          [
            -71.649048,
            -35.417703
          ],
          [
            -71.648982,
            -35.417137
          ],
          [
            -71.648952,
            -35.416886
          ],
          [
            -71.648904,
            -35.416478
          ],
          [
            -71.648894,
            -35.416308
          ]
        ]
      }
    },
    {
      "type": "Feature",
      "id": "osm-841008322",
      "properties": {
        "id": "talca-osm-841008322",
        "name": "Avenida 22 Oriente",
        "has_custom_name": true,
        "type": "Infraestructura ciclista sobre calle (segregada / track)",
        "category": "on_street",
        "highway": "residential",
        "surface": "asphalt",
        "surface_display": "asphalt",
        "segregated": null,
        "segregated_display": "Sin información",
        "oneway": "yes",
        "length_m": 46.3,
        "length_km": 0.05,
        "source": "OpenStreetMap Contributors",
        "source_id": 841008322,
        "is_demo": false,
        "raw_osm_tags": {
          "cycleway:right": "track",
          "highway": "residential",
          "lit": "yes",
          "name": "Avenida 22 Oriente",
          "oneway": "yes",
          "surface": "asphalt"
        }
      },
      "geometry": {
        "type": "LineString",
        "coordinates": [
          [
            -71.624862,
            -35.40812
          ],
          [
            -71.62473,
            -35.407718
          ]
        ]
      }
    },
    {
      "type": "Feature",
      "id": "osm-843628590",
      "properties": {
        "id": "talca-osm-843628590",
        "name": "Avenida San Miguel",
        "has_custom_name": true,
        "type": "Infraestructura ciclista sobre calle (segregada / track)",
        "category": "on_street",
        "highway": "trunk",
        "surface": "asphalt",
        "surface_display": "asphalt",
        "segregated": null,
        "segregated_display": "Sin información",
        "oneway": "yes",
        "length_m": 24.3,
        "length_km": 0.02,
        "source": "OpenStreetMap Contributors",
        "source_id": 843628590,
        "is_demo": false,
        "raw_osm_tags": {
          "alt_name": "Ruta 115 CH",
          "cycleway:right": "track",
          "foot": "no",
          "highway": "trunk",
          "lanes": "2",
          "lit": "yes",
          "maxspeed": "50",
          "name": "Avenida San Miguel",
          "official_name": "Cruce Ruta 5 (Talca) - Paso El Pehuenche",
          "oneway": "yes",
          "ref": "115",
          "source:ref": "Vialidad",
          "surface": "asphalt"
        }
      },
      "geometry": {
        "type": "LineString",
        "coordinates": [
          [
            -71.62932,
            -35.434352
          ],
          [
            -71.629571,
            -35.434275
          ]
        ]
      }
    },
    {
      "type": "Feature",
      "id": "osm-853309243",
      "properties": {
        "id": "talca-osm-853309243",
        "name": "Vía ciclista sin nombre",
        "has_custom_name": false,
        "type": "Vía ciclista dedicada",
        "category": "dedicated",
        "highway": "cycleway",
        "surface": null,
        "surface_display": "Sin información",
        "segregated": null,
        "segregated_display": "Sin información",
        "oneway": null,
        "length_m": 2866.2,
        "length_km": 2.87,
        "source": "OpenStreetMap Contributors",
        "source_id": 853309243,
        "is_demo": false,
        "raw_osm_tags": {
          "highway": "cycleway"
        }
      },
      "geometry": {
        "type": "LineString",
        "coordinates": [
          [
            -71.622567,
            -35.43674
          ],
          [
            -71.621878,
            -35.436948
          ],
          [
            -71.620676,
            -35.437294
          ],
          [
            -71.618409,
            -35.437962
          ],
          [
            -71.618285,
            -35.438001
          ],
          [
            -71.618237,
            -35.438016
          ],
          [
            -71.617801,
            -35.438156
          ],
          [
            -71.617002,
            -35.438404
          ],
          [
            -71.616288,
            -35.438632
          ],
          [
            -71.615751,
            -35.438809
          ],
          [
            -71.615174,
            -35.438999
          ],
          [
            -71.614489,
            -35.439236
          ],
          [
            -71.613336,
            -35.439564
          ],
          [
            -71.613244,
            -35.439603
          ],
          [
            -71.613055,
            -35.439682
          ],
          [
            -71.612738,
            -35.439868
          ],
          [
            -71.612169,
            -35.440277
          ],
          [
            -71.610786,
            -35.441259
          ],
          [
            -71.609979,
            -35.441854
          ],
          [
            -71.609348,
            -35.442284
          ],
          [
            -71.608299,
            -35.443075
          ],
          [
            -71.608257,
            -35.443104
          ],
          [
            -71.608147,
            -35.443183
          ],
          [
            -71.607556,
            -35.443604
          ],
          [
            -71.60742,
            -35.443716
          ],
          [
            -71.607045,
            -35.444011
          ],
          [
            -71.606478,
            -35.444485
          ],
          [
            -71.605732,
            -35.445146
          ],
          [
            -71.605657,
            -35.445171
          ],
          [
            -71.605589,
            -35.445186
          ],
          [
            -71.605502,
            -35.445184
          ],
          [
            -71.60542,
            -35.445166
          ],
          [
            -71.605347,
            -35.445131
          ],
          [
            -71.60363,
            -35.446466
          ],
          [
            -71.602443,
            -35.44734
          ],
          [
            -71.601884,
            -35.447756
          ],
          [
            -71.601031,
            -35.448372
          ],
          [
            -71.6007,
            -35.448566
          ],
          [
            -71.598642,
            -35.449401
          ],
          [
            -71.596383,
            -35.450339
          ]
        ]
      }
    },
    {
      "type": "Feature",
      "id": "osm-853317965",
      "properties": {
        "id": "talca-osm-853317965",
        "name": "Avenida Las Rastras",
        "has_custom_name": true,
        "type": "Infraestructura ciclista sobre calle (ciclobanda / lane)",
        "category": "on_street",
        "highway": "secondary",
        "surface": "asphalt",
        "surface_display": "asphalt",
        "segregated": null,
        "segregated_display": "Sin información",
        "oneway": null,
        "length_m": 10.6,
        "length_km": 0.01,
        "source": "OpenStreetMap Contributors",
        "source_id": 853317965,
        "is_demo": false,
        "raw_osm_tags": {
          "cycleway": "lane",
          "highway": "secondary",
          "lanes": "2",
          "lit": "yes",
          "maxspeed": "50",
          "name": "Avenida Las Rastras",
          "official_name": "Cruce Ruta 115 CH (San Miguel) - Las Rastras - Cruce J-75-K (Punta de Diamante)",
          "old_ref": "K-55",
          "ref": "K-35",
          "source:ref": "Vialidad",
          "surface": "asphalt"
        }
      },
      "geometry": {
        "type": "LineString",
        "coordinates": [
          [
            -71.613307,
            -35.439512
          ],
          [
            -71.613252,
            -35.439428
          ]
        ]
      }
    },
    {
      "type": "Feature",
      "id": "osm-853317966",
      "properties": {
        "id": "talca-osm-853317966",
        "name": "Avenida San Miguel",
        "has_custom_name": true,
        "type": "Infraestructura ciclista sobre calle (segregada / track)",
        "category": "on_street",
        "highway": "trunk",
        "surface": "asphalt",
        "surface_display": "asphalt",
        "segregated": null,
        "segregated_display": "Sin información",
        "oneway": "yes",
        "length_m": 203.2,
        "length_km": 0.2,
        "source": "OpenStreetMap Contributors",
        "source_id": 853317966,
        "is_demo": false,
        "raw_osm_tags": {
          "alt_name": "Ruta 115 CH",
          "cycleway:right": "track",
          "highway": "trunk",
          "lanes": "2",
          "lit": "yes",
          "maxspeed": "50",
          "name": "Avenida San Miguel",
          "official_name": "Cruce Ruta 5 (Talca) - Paso El Pehuenche",
          "oneway": "yes",
          "ref": "115",
          "source:maxspeed": "sign",
          "source:ref": "Vialidad",
          "surface": "asphalt"
        }
      },
      "geometry": {
        "type": "LineString",
        "coordinates": [
          [
            -71.610797,
            -35.441039
          ],
          [
            -71.610949,
            -35.440936
          ],
          [
            -71.611061,
            -35.440862
          ],
          [
            -71.611279,
            -35.440725
          ],
          [
            -71.6114,
            -35.440644
          ],
          [
            -71.611558,
            -35.440534
          ],
          [
            -71.611832,
            -35.440337
          ],
          [
            -71.612281,
            -35.440013
          ],
          [
            -71.612497,
            -35.439848
          ]
        ]
      }
    },
    {
      "type": "Feature",
      "id": "osm-926172760",
      "properties": {
        "id": "talca-osm-926172760",
        "name": "Avenida San Miguel",
        "has_custom_name": true,
        "type": "Infraestructura ciclista sobre calle (ciclobanda / lane)",
        "category": "on_street",
        "highway": "trunk",
        "surface": "asphalt",
        "surface_display": "asphalt",
        "segregated": null,
        "segregated_display": "Sin información",
        "oneway": "yes",
        "length_m": 65.7,
        "length_km": 0.07,
        "source": "OpenStreetMap Contributors",
        "source_id": 926172760,
        "is_demo": false,
        "raw_osm_tags": {
          "alt_name": "Ruta 115 CH",
          "cycleway:right": "lane",
          "highway": "trunk",
          "lanes": "3",
          "lit": "yes",
          "maxspeed": "50",
          "name": "Avenida San Miguel",
          "official_name": "Cruce Ruta 5 (Talca) - Paso El Pehuenche",
          "oneway": "yes",
          "placement": "right_of:1",
          "ref": "115",
          "source:ref": "Vialidad",
          "surface": "asphalt",
          "turn:lanes": "none|none|merge_to_left"
        }
      },
      "geometry": {
        "type": "LineString",
        "coordinates": [
          [
            -71.632025,
            -35.43355
          ],
          [
            -71.6327,
            -35.433334
          ]
        ]
      }
    },
    {
      "type": "Feature",
      "id": "osm-926172764",
      "properties": {
        "id": "talca-osm-926172764",
        "name": "Avenida San Miguel",
        "has_custom_name": true,
        "type": "Infraestructura ciclista sobre calle (ciclobanda / lane)",
        "category": "on_street",
        "highway": "trunk",
        "surface": "asphalt",
        "surface_display": "asphalt",
        "segregated": null,
        "segregated_display": "Sin información",
        "oneway": "yes",
        "length_m": 204.5,
        "length_km": 0.2,
        "source": "OpenStreetMap Contributors",
        "source_id": 926172764,
        "is_demo": false,
        "raw_osm_tags": {
          "alt_name": "Ruta 115 CH",
          "cycleway:right": "lane",
          "highway": "trunk",
          "lanes": "2",
          "lit": "yes",
          "maxspeed": "50",
          "name": "Avenida San Miguel",
          "official_name": "Cruce Ruta 5 (Talca) - Paso El Pehuenche",
          "oneway": "yes",
          "ref": "115",
          "source:ref": "Vialidad",
          "surface": "asphalt"
        }
      },
      "geometry": {
        "type": "LineString",
        "coordinates": [
          [
            -71.634718,
            -35.432691
          ],
          [
            -71.635093,
            -35.432572
          ],
          [
            -71.635309,
            -35.432506
          ],
          [
            -71.6355,
            -35.43245
          ],
          [
            -71.635631,
            -35.432409
          ],
          [
            -71.636582,
            -35.432101
          ],
          [
            -71.636757,
            -35.432046
          ],
          [
            -71.636769,
            -35.432042
          ],
          [
            -71.636791,
            -35.432035
          ],
          [
            -71.636822,
            -35.432025
          ]
        ]
      }
    },
    {
      "type": "Feature",
      "id": "osm-961825956",
      "properties": {
        "id": "talca-osm-961825956",
        "name": "18 Oriente",
        "has_custom_name": true,
        "type": "Infraestructura ciclista sobre calle (segregada / track)",
        "category": "on_street",
        "highway": "tertiary",
        "surface": "concrete",
        "surface_display": "concrete",
        "segregated": null,
        "segregated_display": "Sin información",
        "oneway": null,
        "length_m": 185.7,
        "length_km": 0.19,
        "source": "OpenStreetMap Contributors",
        "source_id": 961825956,
        "is_demo": false,
        "raw_osm_tags": {
          "cycleway:right": "track",
          "cycleway:right:oneway": "no",
          "highway": "tertiary",
          "lanes": "2",
          "lit": "yes",
          "maxspeed": "50",
          "name": "18 Oriente",
          "surface": "concrete"
        }
      },
      "geometry": {
        "type": "LineString",
        "coordinates": [
          [
            -71.638196,
            -35.425222
          ],
          [
            -71.63809,
            -35.425046
          ],
          [
            -71.638004,
            -35.424903
          ],
          [
            -71.637984,
            -35.424868
          ],
          [
            -71.637576,
            -35.424185
          ],
          [
            -71.637437,
            -35.423952
          ],
          [
            -71.637385,
            -35.423865
          ],
          [
            -71.637329,
            -35.423774
          ],
          [
            -71.637297,
            -35.423721
          ]
        ]
      }
    },
    {
      "type": "Feature",
      "id": "osm-961825957",
      "properties": {
        "id": "talca-osm-961825957",
        "name": "18 Oriente",
        "has_custom_name": true,
        "type": "Infraestructura ciclista sobre calle (segregada / track)",
        "category": "on_street",
        "highway": "tertiary",
        "surface": "concrete",
        "surface_display": "concrete",
        "segregated": null,
        "segregated_display": "Sin información",
        "oneway": null,
        "length_m": 16.1,
        "length_km": 0.02,
        "source": "OpenStreetMap Contributors",
        "source_id": 961825957,
        "is_demo": false,
        "raw_osm_tags": {
          "bridge": "yes",
          "cycleway:right": "track",
          "cycleway:right:oneway": "no",
          "highway": "tertiary",
          "lanes": "2",
          "layer": "1",
          "lit": "yes",
          "maxspeed": "50",
          "name": "18 Oriente",
          "surface": "concrete"
        }
      },
      "geometry": {
        "type": "LineString",
        "coordinates": [
          [
            -71.638274,
            -35.425352
          ],
          [
            -71.638196,
            -35.425222
          ]
        ]
      }
    },
    {
      "type": "Feature",
      "id": "osm-987229721",
      "properties": {
        "id": "talca-osm-987229721",
        "name": "Avenida San Miguel",
        "has_custom_name": true,
        "type": "Infraestructura ciclista sobre calle (segregada / track)",
        "category": "on_street",
        "highway": "trunk",
        "surface": "asphalt",
        "surface_display": "asphalt",
        "segregated": null,
        "segregated_display": "Sin información",
        "oneway": "yes",
        "length_m": 431.9,
        "length_km": 0.43,
        "source": "OpenStreetMap Contributors",
        "source_id": 987229721,
        "is_demo": false,
        "raw_osm_tags": {
          "alt_name": "Ruta 115 CH",
          "cycleway:right": "track",
          "highway": "trunk",
          "lanes": "2",
          "lit": "yes",
          "maxspeed": "50",
          "name": "Avenida San Miguel",
          "official_name": "Cruce Ruta 5 (Talca) - Paso El Pehuenche",
          "oneway": "yes",
          "ref": "115",
          "source:ref": "Vialidad",
          "surface": "asphalt"
        }
      },
      "geometry": {
        "type": "LineString",
        "coordinates": [
          [
            -71.622931,
            -35.436409
          ],
          [
            -71.623381,
            -35.436265
          ],
          [
            -71.623737,
            -35.436163
          ],
          [
            -71.623937,
            -35.436107
          ],
          [
            -71.624128,
            -35.436052
          ],
          [
            -71.624308,
            -35.435998
          ],
          [
            -71.624842,
            -35.435835
          ],
          [
            -71.625641,
            -35.435573
          ],
          [
            -71.626533,
            -35.435287
          ],
          [
            -71.627379,
            -35.435014
          ]
        ]
      }
    },
    {
      "type": "Feature",
      "id": "osm-987229722",
      "properties": {
        "id": "talca-osm-987229722",
        "name": "Avenida San Miguel",
        "has_custom_name": true,
        "type": "Infraestructura ciclista sobre calle (segregada / track)",
        "category": "on_street",
        "highway": "trunk",
        "surface": "asphalt",
        "surface_display": "asphalt",
        "segregated": null,
        "segregated_display": "Sin información",
        "oneway": "yes",
        "length_m": 261.7,
        "length_km": 0.26,
        "source": "OpenStreetMap Contributors",
        "source_id": 987229722,
        "is_demo": false,
        "raw_osm_tags": {
          "alt_name": "Ruta 115 CH",
          "cycleway:right": "track",
          "highway": "trunk",
          "lanes": "2",
          "lit": "yes",
          "maxspeed": "50",
          "name": "Avenida San Miguel",
          "official_name": "Cruce Ruta 5 (Talca) - Paso El Pehuenche",
          "oneway": "yes",
          "ref": "115",
          "source:ref": "Vialidad",
          "surface": "asphalt"
        }
      },
      "geometry": {
        "type": "LineString",
        "coordinates": [
          [
            -71.613252,
            -35.439428
          ],
          [
            -71.613449,
            -35.439359
          ],
          [
            -71.613649,
            -35.439295
          ],
          [
            -71.61389,
            -35.439226
          ],
          [
            -71.614078,
            -35.439176
          ],
          [
            -71.614266,
            -35.439128
          ],
          [
            -71.614591,
            -35.439041
          ],
          [
            -71.614847,
            -35.438968
          ],
          [
            -71.615101,
            -35.438891
          ],
          [
            -71.615963,
            -35.438617
          ]
        ]
      }
    },
    {
      "type": "Feature",
      "id": "osm-987229724",
      "properties": {
        "id": "talca-osm-987229724",
        "name": "Avenida San Miguel",
        "has_custom_name": true,
        "type": "Infraestructura ciclista sobre calle (ciclobanda / lane)",
        "category": "on_street",
        "highway": "trunk",
        "surface": "asphalt",
        "surface_display": "asphalt",
        "segregated": null,
        "segregated_display": "Sin información",
        "oneway": "yes",
        "length_m": 23.2,
        "length_km": 0.02,
        "source": "OpenStreetMap Contributors",
        "source_id": 987229724,
        "is_demo": false,
        "raw_osm_tags": {
          "alt_name": "Ruta 115 CH",
          "cycleway:right": "lane",
          "highway": "trunk",
          "lanes": "2",
          "lit": "yes",
          "maxspeed": "50",
          "name": "Avenida San Miguel",
          "official_name": "Cruce Ruta 5 (Talca) - Paso El Pehuenche",
          "oneway": "yes",
          "ref": "115",
          "source:ref": "Vialidad",
          "surface": "asphalt"
        }
      },
      "geometry": {
        "type": "LineString",
        "coordinates": [
          [
            -71.634285,
            -35.432826
          ],
          [
            -71.634524,
            -35.432752
          ]
        ]
      }
    },
    {
      "type": "Feature",
      "id": "osm-987229725",
      "properties": {
        "id": "talca-osm-987229725",
        "name": "Avenida San Miguel",
        "has_custom_name": true,
        "type": "Infraestructura ciclista sobre calle (ciclobanda / lane)",
        "category": "on_street",
        "highway": "trunk",
        "surface": "asphalt",
        "surface_display": "asphalt",
        "segregated": null,
        "segregated_display": "Sin información",
        "oneway": "yes",
        "length_m": 96.0,
        "length_km": 0.1,
        "source": "OpenStreetMap Contributors",
        "source_id": 987229725,
        "is_demo": false,
        "raw_osm_tags": {
          "alt_name": "Ruta 115 CH",
          "cycleway:right": "lane",
          "highway": "trunk",
          "lanes": "3",
          "lit": "yes",
          "maxspeed": "50",
          "name": "Avenida San Miguel",
          "official_name": "Cruce Ruta 5 (Talca) - Paso El Pehuenche",
          "oneway": "yes",
          "placement": "right_of:1",
          "ref": "115",
          "source:ref": "Vialidad",
          "surface": "asphalt",
          "turn:lanes": "none|none|right"
        }
      },
      "geometry": {
        "type": "LineString",
        "coordinates": [
          [
            -71.633297,
            -35.433139
          ],
          [
            -71.634285,
            -35.432826
          ]
        ]
      }
    },
    {
      "type": "Feature",
      "id": "osm-987229726",
      "properties": {
        "id": "talca-osm-987229726",
        "name": "Avenida San Miguel",
        "has_custom_name": true,
        "type": "Infraestructura ciclista sobre calle (ciclobanda / lane)",
        "category": "on_street",
        "highway": "trunk",
        "surface": "asphalt",
        "surface_display": "asphalt",
        "segregated": null,
        "segregated_display": "Sin información",
        "oneway": "yes",
        "length_m": 58.3,
        "length_km": 0.06,
        "source": "OpenStreetMap Contributors",
        "source_id": 987229726,
        "is_demo": false,
        "raw_osm_tags": {
          "alt_name": "Ruta 115 CH",
          "cycleway:right": "lane",
          "highway": "trunk",
          "lanes": "2",
          "lit": "yes",
          "maxspeed": "50",
          "name": "Avenida San Miguel",
          "official_name": "Cruce Ruta 5 (Talca) - Paso El Pehuenche",
          "oneway": "yes",
          "ref": "115",
          "source:ref": "Vialidad",
          "surface": "asphalt"
        }
      },
      "geometry": {
        "type": "LineString",
        "coordinates": [
          [
            -71.6327,
            -35.433334
          ],
          [
            -71.633297,
            -35.433139
          ]
        ]
      }
    },
    {
      "type": "Feature",
      "id": "osm-987231425",
      "properties": {
        "id": "talca-osm-987231425",
        "name": "Calle 11 Oriente",
        "has_custom_name": true,
        "type": "Infraestructura ciclista sobre calle (segregada / track)",
        "category": "on_street",
        "highway": "secondary",
        "surface": "asphalt",
        "surface_display": "asphalt",
        "segregated": null,
        "segregated_display": "Sin información",
        "oneway": null,
        "length_m": 197.4,
        "length_km": 0.2,
        "source": "OpenStreetMap Contributors",
        "source_id": 987231425,
        "is_demo": false,
        "raw_osm_tags": {
          "cycleway:right": "track",
          "highway": "secondary",
          "lanes": "3",
          "lanes:backward": "2",
          "lanes:forward": "1",
          "lit": "yes",
          "maxspeed": "50",
          "name": "Calle 11 Oriente",
          "surface": "asphalt"
        }
      },
      "geometry": {
        "type": "LineString",
        "coordinates": [
          [
            -71.648935,
            -35.414304
          ],
          [
            -71.648883,
            -35.414171
          ],
          [
            -71.648835,
            -35.414058
          ],
          [
            -71.648779,
            -35.413936
          ],
          [
            -71.648719,
            -35.413816
          ],
          [
            -71.648646,
            -35.413682
          ],
          [
            -71.648569,
            -35.413549
          ],
          [
            -71.648471,
            -35.41339
          ],
          [
            -71.648369,
            -35.413232
          ],
          [
            -71.648266,
            -35.41308
          ],
          [
            -71.648159,
            -35.412931
          ],
          [
            -71.64808,
            -35.412824
          ],
          [
            -71.647988,
            -35.412712
          ]
        ]
      }
    },
    {
      "type": "Feature",
      "id": "osm-993555149",
      "properties": {
        "id": "talca-osm-993555149",
        "name": "Avenida 5 Oriente",
        "has_custom_name": true,
        "type": "Infraestructura ciclista sobre calle (segregada / track)",
        "category": "on_street",
        "highway": "tertiary",
        "surface": "concrete",
        "surface_display": "concrete",
        "segregated": null,
        "segregated_display": "Sin información",
        "oneway": "no",
        "length_m": 11.5,
        "length_km": 0.01,
        "source": "OpenStreetMap Contributors",
        "source_id": 993555149,
        "is_demo": false,
        "raw_osm_tags": {
          "cycleway:right": "track",
          "foot": "no",
          "highway": "tertiary",
          "lanes": "2",
          "lit": "yes",
          "maxspeed": "50",
          "name": "Avenida 5 Oriente",
          "oneway": "no",
          "surface": "concrete"
        }
      },
      "geometry": {
        "type": "LineString",
        "coordinates": [
          [
            -71.658158,
            -35.411491
          ],
          [
            -71.658194,
            -35.41159
          ]
        ]
      }
    },
    {
      "type": "Feature",
      "id": "osm-1005434739",
      "properties": {
        "id": "talca-osm-1005434739",
        "name": "Avenida 5 Oriente",
        "has_custom_name": true,
        "type": "Infraestructura ciclista sobre calle (segregada / track)",
        "category": "on_street",
        "highway": "tertiary",
        "surface": "asphalt",
        "surface_display": "asphalt",
        "segregated": null,
        "segregated_display": "Sin información",
        "oneway": "no",
        "length_m": 115.1,
        "length_km": 0.12,
        "source": "OpenStreetMap Contributors",
        "source_id": 1005434739,
        "is_demo": false,
        "raw_osm_tags": {
          "cycleway:left": "track",
          "highway": "tertiary",
          "lanes": "2",
          "lit": "yes",
          "maxspeed": "50",
          "name": "Avenida 5 Oriente",
          "oneway": "no",
          "surface": "asphalt"
        }
      },
      "geometry": {
        "type": "LineString",
        "coordinates": [
          [
            -71.653005,
            -35.403141
          ],
          [
            -71.652907,
            -35.402803
          ],
          [
            -71.652814,
            -35.402485
          ],
          [
            -71.652711,
            -35.402134
          ]
        ]
      }
    },
    {
      "type": "Feature",
      "id": "osm-1015013848",
      "properties": {
        "id": "talca-osm-1015013848",
        "name": "Vía ciclista sin nombre",
        "has_custom_name": false,
        "type": "Vía ciclista dedicada (segregada)",
        "category": "dedicated",
        "highway": "cycleway",
        "surface": "paved",
        "surface_display": "paved",
        "segregated": "yes",
        "segregated_display": "Segregada físicamente",
        "oneway": null,
        "length_m": 389.4,
        "length_km": 0.39,
        "source": "OpenStreetMap Contributors",
        "source_id": 1015013848,
        "is_demo": false,
        "raw_osm_tags": {
          "bicycle": "yes",
          "foot": "yes",
          "highway": "cycleway",
          "motor_vehicle": "no",
          "segregated": "yes",
          "surface": "paved"
        }
      },
      "geometry": {
        "type": "LineString",
        "coordinates": [
          [
            -71.676033,
            -35.424388
          ],
          [
            -71.676057,
            -35.424268
          ],
          [
            -71.676063,
            -35.424107
          ],
          [
            -71.676052,
            -35.423922
          ],
          [
            -71.676044,
            -35.423837
          ],
          [
            -71.676034,
            -35.423763
          ],
          [
            -71.676023,
            -35.423552
          ],
          [
            -71.676014,
            -35.423397
          ],
          [
            -71.676006,
            -35.423284
          ],
          [
            -71.675995,
            -35.423049
          ],
          [
            -71.675989,
            -35.422827
          ],
          [
            -71.675978,
            -35.422665
          ],
          [
            -71.675955,
            -35.422457
          ],
          [
            -71.675927,
            -35.422245
          ],
          [
            -71.675887,
            -35.422
          ],
          [
            -71.675853,
            -35.421778
          ],
          [
            -71.675842,
            -35.421574
          ],
          [
            -71.675842,
            -35.421509
          ],
          [
            -71.675836,
            -35.421446
          ],
          [
            -71.675826,
            -35.421356
          ],
          [
            -71.675819,
            -35.421316
          ],
          [
            -71.675792,
            -35.421149
          ],
          [
            -71.675788,
            -35.421116
          ],
          [
            -71.675765,
            -35.420927
          ],
          [
            -71.675763,
            -35.420899
          ]
        ]
      }
    },
    {
      "type": "Feature",
      "id": "osm-1015013849",
      "properties": {
        "id": "talca-osm-1015013849",
        "name": "Vía ciclista sin nombre",
        "has_custom_name": false,
        "type": "Vía ciclista dedicada (segregada)",
        "category": "dedicated",
        "highway": "cycleway",
        "surface": "asphalt",
        "surface_display": "asphalt",
        "segregated": "yes",
        "segregated_display": "Segregada físicamente",
        "oneway": null,
        "length_m": 558.2,
        "length_km": 0.56,
        "source": "OpenStreetMap Contributors",
        "source_id": 1015013849,
        "is_demo": false,
        "raw_osm_tags": {
          "foot": "designated",
          "highway": "cycleway",
          "segregated": "yes",
          "surface": "asphalt"
        }
      },
      "geometry": {
        "type": "LineString",
        "coordinates": [
          [
            -71.67438,
            -35.418569
          ],
          [
            -71.674269,
            -35.418606
          ],
          [
            -71.674175,
            -35.418636
          ],
          [
            -71.673863,
            -35.418729
          ],
          [
            -71.673728,
            -35.418769
          ],
          [
            -71.672965,
            -35.419013
          ],
          [
            -71.672388,
            -35.419199
          ],
          [
            -71.67112,
            -35.419678
          ],
          [
            -71.670393,
            -35.419961
          ],
          [
            -71.670365,
            -35.419999
          ],
          [
            -71.670371,
            -35.420046
          ],
          [
            -71.670644,
            -35.420425
          ],
          [
            -71.671193,
            -35.421186
          ],
          [
            -71.671209,
            -35.421209
          ],
          [
            -71.671234,
            -35.421247
          ]
        ]
      }
    },
    {
      "type": "Feature",
      "id": "osm-1015013850",
      "properties": {
        "id": "talca-osm-1015013850",
        "name": "Vía ciclista sin nombre",
        "has_custom_name": false,
        "type": "Vía ciclista dedicada",
        "category": "dedicated",
        "highway": "cycleway",
        "surface": "paved",
        "surface_display": "paved",
        "segregated": null,
        "segregated_display": "Sin información",
        "oneway": "yes",
        "length_m": 1834.9,
        "length_km": 1.83,
        "source": "OpenStreetMap Contributors",
        "source_id": 1015013850,
        "is_demo": false,
        "raw_osm_tags": {
          "access": "no",
          "bicycle": "yes",
          "foot": "no",
          "highway": "cycleway",
          "horse": "no",
          "motor_vehicle": "no",
          "oneway": "yes",
          "surface": "paved"
        }
      },
      "geometry": {
        "type": "LineString",
        "coordinates": [
          [
            -71.670148,
            -35.421917
          ],
          [
            -71.668946,
            -35.422005
          ],
          [
            -71.667661,
            -35.422099
          ],
          [
            -71.666282,
            -35.4222
          ],
          [
            -71.664932,
            -35.422296
          ],
          [
            -71.664159,
            -35.422351
          ],
          [
            -71.663488,
            -35.422406
          ],
          [
            -71.662146,
            -35.422504
          ],
          [
            -71.660782,
            -35.422604
          ],
          [
            -71.65993,
            -35.422668
          ],
          [
            -71.659494,
            -35.422699
          ],
          [
            -71.659024,
            -35.422733
          ],
          [
            -71.658546,
            -35.422768
          ],
          [
            -71.658067,
            -35.422804
          ],
          [
            -71.657992,
            -35.422809
          ],
          [
            -71.656511,
            -35.422904
          ],
          [
            -71.655393,
            -35.42298
          ],
          [
            -71.654622,
            -35.423055
          ],
          [
            -71.654534,
            -35.423063
          ],
          [
            -71.654138,
            -35.423092
          ],
          [
            -71.652029,
            -35.42323
          ],
          [
            -71.651314,
            -35.423273
          ],
          [
            -71.650244,
            -35.423378
          ],
          [
            -71.649981,
            -35.423397
          ]
        ]
      }
    },
    {
      "type": "Feature",
      "id": "osm-1015013851",
      "properties": {
        "id": "talca-osm-1015013851",
        "name": "Vía ciclista sin nombre",
        "has_custom_name": false,
        "type": "Vía ciclista dedicada",
        "category": "dedicated",
        "highway": "cycleway",
        "surface": "paved",
        "surface_display": "paved",
        "segregated": null,
        "segregated_display": "Sin información",
        "oneway": "yes",
        "length_m": 1908.0,
        "length_km": 1.91,
        "source": "OpenStreetMap Contributors",
        "source_id": 1015013851,
        "is_demo": false,
        "raw_osm_tags": {
          "highway": "cycleway",
          "oneway": "yes",
          "surface": "paved"
        }
      },
      "geometry": {
        "type": "LineString",
        "coordinates": [
          [
            -71.649988,
            -35.42274
          ],
          [
            -71.650083,
            -35.422731
          ],
          [
            -71.650887,
            -35.422677
          ],
          [
            -71.651649,
            -35.422631
          ],
          [
            -71.652584,
            -35.422567
          ],
          [
            -71.653575,
            -35.422484
          ],
          [
            -71.65364,
            -35.422481
          ],
          [
            -71.654101,
            -35.422451
          ],
          [
            -71.654883,
            -35.422395
          ],
          [
            -71.655293,
            -35.422359
          ],
          [
            -71.656029,
            -35.422308
          ],
          [
            -71.65657,
            -35.422278
          ],
          [
            -71.65794,
            -35.422173
          ],
          [
            -71.658008,
            -35.42217
          ],
          [
            -71.659426,
            -35.422078
          ],
          [
            -71.659916,
            -35.422039
          ],
          [
            -71.660717,
            -35.421983
          ],
          [
            -71.661681,
            -35.421916
          ],
          [
            -71.662084,
            -35.421886
          ],
          [
            -71.662481,
            -35.421858
          ],
          [
            -71.663089,
            -35.421815
          ],
          [
            -71.663432,
            -35.421788
          ],
          [
            -71.664831,
            -35.421682
          ],
          [
            -71.665469,
            -35.421634
          ],
          [
            -71.665587,
            -35.421625
          ],
          [
            -71.666225,
            -35.421585
          ],
          [
            -71.666836,
            -35.42154
          ],
          [
            -71.667602,
            -35.42148
          ],
          [
            -71.667825,
            -35.421464
          ],
          [
            -71.668391,
            -35.421422
          ],
          [
            -71.668832,
            -35.421391
          ],
          [
            -71.670962,
            -35.421225
          ]
        ]
      }
    },
    {
      "type": "Feature",
      "id": "osm-1015013852",
      "properties": {
        "id": "talca-osm-1015013852",
        "name": "Vía ciclista sin nombre",
        "has_custom_name": false,
        "type": "Vía ciclista dedicada",
        "category": "dedicated",
        "highway": "cycleway",
        "surface": "paved",
        "surface_display": "paved",
        "segregated": null,
        "segregated_display": "Sin información",
        "oneway": null,
        "length_m": 950.1,
        "length_km": 0.95,
        "source": "OpenStreetMap Contributors",
        "source_id": 1015013852,
        "is_demo": false,
        "raw_osm_tags": {
          "highway": "cycleway",
          "lit": "yes",
          "surface": "paved"
        }
      },
      "geometry": {
        "type": "LineString",
        "coordinates": [
          [
            -71.660905,
            -35.439014
          ],
          [
            -71.660799,
            -35.439057
          ],
          [
            -71.660698,
            -35.439099
          ],
          [
            -71.660428,
            -35.439212
          ],
          [
            -71.660106,
            -35.439348
          ],
          [
            -71.659959,
            -35.439403
          ],
          [
            -71.659385,
            -35.439613
          ],
          [
            -71.659204,
            -35.439663
          ],
          [
            -71.65897,
            -35.439672
          ],
          [
            -71.658865,
            -35.439697
          ],
          [
            -71.658518,
            -35.439846
          ],
          [
            -71.658226,
            -35.439972
          ],
          [
            -71.658132,
            -35.440012
          ],
          [
            -71.657256,
            -35.440408
          ],
          [
            -71.656815,
            -35.440601
          ],
          [
            -71.656704,
            -35.440649
          ],
          [
            -71.656406,
            -35.440759
          ],
          [
            -71.65628,
            -35.440809
          ],
          [
            -71.656212,
            -35.440827
          ],
          [
            -71.656091,
            -35.44085
          ],
          [
            -71.655562,
            -35.44086
          ],
          [
            -71.655391,
            -35.44085
          ],
          [
            -71.655044,
            -35.4408
          ],
          [
            -71.654224,
            -35.440678
          ],
          [
            -71.653465,
            -35.440559
          ],
          [
            -71.653302,
            -35.440542
          ],
          [
            -71.653174,
            -35.440528
          ],
          [
            -71.652577,
            -35.440508
          ],
          [
            -71.652362,
            -35.440507
          ],
          [
            -71.652351,
            -35.440509
          ],
          [
            -71.652334,
            -35.440509
          ],
          [
            -71.652213,
            -35.440516
          ],
          [
            -71.652017,
            -35.440582
          ],
          [
            -71.651856,
            -35.440602
          ],
          [
            -71.651525,
            -35.440629
          ],
          [
            -71.651234,
            -35.440654
          ],
          [
            -71.651007,
            -35.440677
          ]
        ]
      }
    },
    {
      "type": "Feature",
      "id": "osm-1015013853",
      "properties": {
        "id": "talca-osm-1015013853",
        "name": "Vía ciclista sin nombre",
        "has_custom_name": false,
        "type": "Vía ciclista dedicada",
        "category": "dedicated",
        "highway": "cycleway",
        "surface": null,
        "surface_display": "Sin información",
        "segregated": null,
        "segregated_display": "Sin información",
        "oneway": null,
        "length_m": 290.7,
        "length_km": 0.29,
        "source": "OpenStreetMap Contributors",
        "source_id": 1015013853,
        "is_demo": false,
        "raw_osm_tags": {
          "highway": "cycleway"
        }
      },
      "geometry": {
        "type": "LineString",
        "coordinates": [
          [
            -71.65028,
            -35.440756
          ],
          [
            -71.647333,
            -35.441574
          ],
          [
            -71.647246,
            -35.441607
          ]
        ]
      }
    },
    {
      "type": "Feature",
      "id": "osm-1015013856",
      "properties": {
        "id": "talca-osm-1015013856",
        "name": "Vía ciclista sin nombre",
        "has_custom_name": false,
        "type": "Vía ciclista dedicada",
        "category": "dedicated",
        "highway": "cycleway",
        "surface": null,
        "surface_display": "Sin información",
        "segregated": null,
        "segregated_display": "Sin información",
        "oneway": null,
        "length_m": 627.1,
        "length_km": 0.63,
        "source": "OpenStreetMap Contributors",
        "source_id": 1015013856,
        "is_demo": false,
        "raw_osm_tags": {
          "highway": "cycleway"
        }
      },
      "geometry": {
        "type": "LineString",
        "coordinates": [
          [
            -71.641826,
            -35.44298
          ],
          [
            -71.642241,
            -35.442918
          ],
          [
            -71.642371,
            -35.442776
          ],
          [
            -71.642543,
            -35.442469
          ],
          [
            -71.643027,
            -35.44167
          ],
          [
            -71.643151,
            -35.441455
          ],
          [
            -71.643211,
            -35.441393
          ],
          [
            -71.643282,
            -35.44132
          ],
          [
            -71.643407,
            -35.441231
          ],
          [
            -71.643652,
            -35.441085
          ],
          [
            -71.643703,
            -35.441058
          ],
          [
            -71.64376,
            -35.44103
          ],
          [
            -71.643806,
            -35.441013
          ],
          [
            -71.643869,
            -35.440993
          ],
          [
            -71.643957,
            -35.440968
          ],
          [
            -71.643967,
            -35.440964
          ],
          [
            -71.644887,
            -35.440658
          ],
          [
            -71.645983,
            -35.440312
          ],
          [
            -71.646208,
            -35.440304
          ],
          [
            -71.646508,
            -35.440353
          ],
          [
            -71.646664,
            -35.440412
          ],
          [
            -71.646817,
            -35.440405
          ],
          [
            -71.646964,
            -35.440313
          ],
          [
            -71.647205,
            -35.440297
          ]
        ]
      }
    },
    {
      "type": "Feature",
      "id": "osm-1022356229",
      "properties": {
        "id": "talca-osm-1022356229",
        "name": "Calle 5 Oriente",
        "has_custom_name": true,
        "type": "Infraestructura ciclista sobre calle (segregada / track)",
        "category": "on_street",
        "highway": "tertiary",
        "surface": "concrete",
        "surface_display": "concrete",
        "segregated": null,
        "segregated_display": "Sin información",
        "oneway": "yes",
        "length_m": 50.9,
        "length_km": 0.05,
        "source": "OpenStreetMap Contributors",
        "source_id": 1022356229,
        "is_demo": false,
        "raw_osm_tags": {
          "cycleway:right": "track",
          "highway": "tertiary",
          "lanes": "2",
          "lit": "yes",
          "maxspeed": "50",
          "name": "Calle 5 Oriente",
          "oneway": "yes",
          "surface": "concrete"
        }
      },
      "geometry": {
        "type": "LineString",
        "coordinates": [
          [
            -71.658194,
            -35.41159
          ],
          [
            -71.658222,
            -35.411626
          ],
          [
            -71.658485,
            -35.411982
          ]
        ]
      }
    },
    {
      "type": "Feature",
      "id": "osm-1056917646",
      "properties": {
        "id": "talca-osm-1056917646",
        "name": "Avenida San Miguel",
        "has_custom_name": true,
        "type": "Infraestructura ciclista sobre calle (segregada / track)",
        "category": "on_street",
        "highway": "trunk",
        "surface": "asphalt",
        "surface_display": "asphalt",
        "segregated": null,
        "segregated_display": "Sin información",
        "oneway": "yes",
        "length_m": 37.3,
        "length_km": 0.04,
        "source": "OpenStreetMap Contributors",
        "source_id": 1056917646,
        "is_demo": false,
        "raw_osm_tags": {
          "alt_name": "Ruta 115 CH",
          "cycleway:right": "track",
          "highway": "trunk",
          "lanes": "2",
          "lit": "yes",
          "maxspeed": "50",
          "name": "Avenida San Miguel",
          "official_name": "Cruce Ruta 5 (Talca) - Paso El Pehuenche",
          "oneway": "yes",
          "ref": "115",
          "source:ref": "Vialidad",
          "surface": "asphalt"
        }
      },
      "geometry": {
        "type": "LineString",
        "coordinates": [
          [
            -71.621319,
            -35.43689
          ],
          [
            -71.621702,
            -35.436766
          ]
        ]
      }
    },
    {
      "type": "Feature",
      "id": "osm-1056917649",
      "properties": {
        "id": "talca-osm-1056917649",
        "name": "Avenida San Miguel",
        "has_custom_name": true,
        "type": "Infraestructura ciclista sobre calle (segregada / track)",
        "category": "on_street",
        "highway": "trunk",
        "surface": "asphalt",
        "surface_display": "asphalt",
        "segregated": null,
        "segregated_display": "Sin información",
        "oneway": "yes",
        "length_m": 104.0,
        "length_km": 0.1,
        "source": "OpenStreetMap Contributors",
        "source_id": 1056917649,
        "is_demo": false,
        "raw_osm_tags": {
          "alt_name": "Ruta 115 CH",
          "cycleway:right": "track",
          "highway": "trunk",
          "lanes": "2",
          "lit": "yes",
          "maxspeed": "50",
          "name": "Avenida San Miguel",
          "official_name": "Cruce Ruta 5 (Talca) - Paso El Pehuenche",
          "oneway": "yes",
          "ref": "115",
          "source:ref": "Vialidad",
          "surface": "asphalt"
        }
      },
      "geometry": {
        "type": "LineString",
        "coordinates": [
          [
            -71.621702,
            -35.436766
          ],
          [
            -71.621998,
            -35.436672
          ],
          [
            -71.622131,
            -35.436634
          ],
          [
            -71.622253,
            -35.4366
          ],
          [
            -71.622536,
            -35.436529
          ],
          [
            -71.622636,
            -35.436501
          ],
          [
            -71.622684,
            -35.436488
          ],
          [
            -71.622784,
            -35.436456
          ]
        ]
      }
    },
    {
      "type": "Feature",
      "id": "osm-1062429809",
      "properties": {
        "id": "talca-osm-1062429809",
        "name": "Avenida 22 Oriente",
        "has_custom_name": true,
        "type": "Infraestructura ciclista sobre calle (segregada / track)",
        "category": "on_street",
        "highway": "residential",
        "surface": "asphalt",
        "surface_display": "asphalt",
        "segregated": null,
        "segregated_display": "Sin información",
        "oneway": "yes",
        "length_m": 131.9,
        "length_km": 0.13,
        "source": "OpenStreetMap Contributors",
        "source_id": 1062429809,
        "is_demo": false,
        "raw_osm_tags": {
          "cycleway:right": "track",
          "highway": "residential",
          "lit": "yes",
          "name": "Avenida 22 Oriente",
          "oneway": "yes",
          "surface": "asphalt"
        }
      },
      "geometry": {
        "type": "LineString",
        "coordinates": [
          [
            -71.624601,
            -35.406854
          ],
          [
            -71.624621,
            -35.406916
          ],
          [
            -71.624659,
            -35.407041
          ],
          [
            -71.624688,
            -35.407135
          ],
          [
            -71.624714,
            -35.407221
          ],
          [
            -71.624737,
            -35.407302
          ],
          [
            -71.624824,
            -35.407611
          ],
          [
            -71.624853,
            -35.407694
          ],
          [
            -71.62496,
            -35.408003
          ]
        ]
      }
    },
    {
      "type": "Feature",
      "id": "osm-1071763309",
      "properties": {
        "id": "talca-osm-1071763309",
        "name": "Avenida San Miguel",
        "has_custom_name": true,
        "type": "Infraestructura ciclista sobre calle (segregada / track)",
        "category": "on_street",
        "highway": "trunk",
        "surface": "asphalt",
        "surface_display": "asphalt",
        "segregated": null,
        "segregated_display": "Sin información",
        "oneway": "yes",
        "length_m": 263.3,
        "length_km": 0.26,
        "source": "OpenStreetMap Contributors",
        "source_id": 1071763309,
        "is_demo": false,
        "raw_osm_tags": {
          "alt_name": "Ruta 115 CH",
          "cycleway:right": "track",
          "highway": "trunk",
          "lanes": "2",
          "lit": "yes",
          "maxspeed": "50",
          "name": "Avenida San Miguel",
          "official_name": "Cruce Ruta 5 (Talca) - Paso El Pehuenche",
          "oneway": "yes",
          "ref": "115",
          "source:maxspeed": "sign",
          "source:ref": "Vialidad",
          "surface": "asphalt"
        }
      },
      "geometry": {
        "type": "LineString",
        "coordinates": [
          [
            -71.603065,
            -35.446562
          ],
          [
            -71.603752,
            -35.446066
          ],
          [
            -71.603955,
            -35.445931
          ],
          [
            -71.604166,
            -35.445785
          ],
          [
            -71.6043,
            -35.445689
          ],
          [
            -71.605138,
            -35.445073
          ],
          [
            -71.605174,
            -35.445047
          ],
          [
            -71.605245,
            -35.444996
          ]
        ]
      }
    },
    {
      "type": "Feature",
      "id": "osm-1071763314",
      "properties": {
        "id": "talca-osm-1071763314",
        "name": "Avenida San Miguel",
        "has_custom_name": true,
        "type": "Infraestructura ciclista sobre calle (segregada / track)",
        "category": "on_street",
        "highway": "trunk",
        "surface": "asphalt",
        "surface_display": "asphalt",
        "segregated": null,
        "segregated_display": "Sin información",
        "oneway": "yes",
        "length_m": 522.0,
        "length_km": 0.52,
        "source": "OpenStreetMap Contributors",
        "source_id": 1071763314,
        "is_demo": false,
        "raw_osm_tags": {
          "alt_name": "Ruta 115 CH",
          "cycleway:right": "track",
          "highway": "trunk",
          "lanes": "2",
          "lit": "yes",
          "maxspeed": "50",
          "name": "Avenida San Miguel",
          "official_name": "Cruce Ruta 5 (Talca) - Paso El Pehuenche",
          "oneway": "yes",
          "ref": "115",
          "source:ref": "Vialidad",
          "surface": "asphalt"
        }
      },
      "geometry": {
        "type": "LineString",
        "coordinates": [
          [
            -71.615963,
            -35.438617
          ],
          [
            -71.619469,
            -35.437516
          ],
          [
            -71.619559,
            -35.437488
          ],
          [
            -71.620067,
            -35.437328
          ],
          [
            -71.620422,
            -35.437216
          ],
          [
            -71.620517,
            -35.437184
          ],
          [
            -71.62061,
            -35.437149
          ],
          [
            -71.620721,
            -35.437105
          ],
          [
            -71.62083,
            -35.437056
          ],
          [
            -71.620971,
            -35.437002
          ],
          [
            -71.621144,
            -35.436946
          ],
          [
            -71.621319,
            -35.43689
          ]
        ]
      }
    },
    {
      "type": "Feature",
      "id": "osm-1071763315",
      "properties": {
        "id": "talca-osm-1071763315",
        "name": "Avenida Las Rastras",
        "has_custom_name": true,
        "type": "Infraestructura ciclista sobre calle (ciclobanda / lane)",
        "category": "on_street",
        "highway": "secondary",
        "surface": "asphalt",
        "surface_display": "asphalt",
        "segregated": null,
        "segregated_display": "Sin información",
        "oneway": null,
        "length_m": 32.8,
        "length_km": 0.03,
        "source": "OpenStreetMap Contributors",
        "source_id": 1071763315,
        "is_demo": false,
        "raw_osm_tags": {
          "cycleway:right": "lane",
          "highway": "secondary",
          "lanes": "2",
          "lit": "yes",
          "maxspeed": "50",
          "name": "Avenida Las Rastras",
          "official_name": "Cruce Ruta 115 CH (San Miguel) - Las Rastras - Cruce J-75-K (Punta de Diamante)",
          "old_ref": "K-55",
          "ref": "K-35",
          "source:ref": "Vialidad",
          "surface": "asphalt"
        }
      },
      "geometry": {
        "type": "LineString",
        "coordinates": [
          [
            -71.613252,
            -35.439428
          ],
          [
            -71.613198,
            -35.439366
          ],
          [
            -71.613107,
            -35.43926
          ],
          [
            -71.613044,
            -35.439187
          ]
        ]
      }
    },
    {
      "type": "Feature",
      "id": "osm-1071763317",
      "properties": {
        "id": "talca-osm-1071763317",
        "name": "Avenida San Miguel",
        "has_custom_name": true,
        "type": "Infraestructura ciclista sobre calle (segregada / track)",
        "category": "on_street",
        "highway": "trunk",
        "surface": "asphalt",
        "surface_display": "asphalt",
        "segregated": null,
        "segregated_display": "Sin información",
        "oneway": "yes",
        "length_m": 83.1,
        "length_km": 0.08,
        "source": "OpenStreetMap Contributors",
        "source_id": 1071763317,
        "is_demo": false,
        "raw_osm_tags": {
          "alt_name": "Ruta 115 CH",
          "cycleway:right": "track",
          "highway": "trunk",
          "lanes": "2",
          "lit": "yes",
          "maxspeed": "50",
          "name": "Avenida San Miguel",
          "official_name": "Cruce Ruta 5 (Talca) - Paso El Pehuenche",
          "oneway": "yes",
          "ref": "115",
          "source:maxspeed": "sign",
          "source:ref": "Vialidad",
          "surface": "asphalt"
        }
      },
      "geometry": {
        "type": "LineString",
        "coordinates": [
          [
            -71.612497,
            -35.439848
          ],
          [
            -71.612636,
            -35.439754
          ],
          [
            -71.612781,
            -35.439664
          ],
          [
            -71.612931,
            -35.439581
          ],
          [
            -71.613137,
            -35.439473
          ],
          [
            -71.613252,
            -35.439428
          ]
        ]
      }
    },
    {
      "type": "Feature",
      "id": "osm-1071846551",
      "properties": {
        "id": "talca-osm-1071846551",
        "name": "Avenida Las Rastras",
        "has_custom_name": true,
        "type": "Infraestructura ciclista sobre calle (ciclobanda / lane)",
        "category": "on_street",
        "highway": "tertiary",
        "surface": "paved",
        "surface_display": "paved",
        "segregated": null,
        "segregated_display": "Sin información",
        "oneway": null,
        "length_m": 273.5,
        "length_km": 0.27,
        "source": "OpenStreetMap Contributors",
        "source_id": 1071846551,
        "is_demo": false,
        "raw_osm_tags": {
          "cycleway": "lane",
          "cycleway:both": "lane",
          "cycleway:surface": "paved",
          "highway": "tertiary",
          "lanes": "2",
          "lit": "yes",
          "maxspeed": "60",
          "name": "Avenida Las Rastras",
          "official_name": "Cruce Ruta 115 CH (San Miguel) - Las Rastras - Cruce J-75-K (Punta de Diamante)",
          "old_ref": "K-55",
          "ref": "K-35",
          "source:ref": "Vialidad",
          "surface": "paved"
        }
      },
      "geometry": {
        "type": "LineString",
        "coordinates": [
          [
            -71.605441,
            -35.428252
          ],
          [
            -71.604873,
            -35.427308
          ],
          [
            -71.604496,
            -35.426664
          ],
          [
            -71.604129,
            -35.426037
          ]
        ]
      }
    },
    {
      "type": "Feature",
      "id": "osm-1071846552",
      "properties": {
        "id": "talca-osm-1071846552",
        "name": "Avenida Las Rastras",
        "has_custom_name": true,
        "type": "Infraestructura ciclista sobre calle (ciclobanda / lane)",
        "category": "on_street",
        "highway": "tertiary",
        "surface": "asphalt",
        "surface_display": "asphalt",
        "segregated": null,
        "segregated_display": "Sin información",
        "oneway": null,
        "length_m": 52.5,
        "length_km": 0.05,
        "source": "OpenStreetMap Contributors",
        "source_id": 1071846552,
        "is_demo": false,
        "raw_osm_tags": {
          "cycleway": "lane",
          "highway": "tertiary",
          "lanes": "3",
          "lanes:backward": "2",
          "lanes:forward": "1",
          "lit": "yes",
          "maxspeed": "50",
          "name": "Avenida Las Rastras",
          "official_name": "Cruce Ruta 115 CH (San Miguel) - Las Rastras - Cruce J-75-K (Punta de Diamante)",
          "old_ref": "K-55",
          "ref": "K-35",
          "source:ref": "Vialidad",
          "surface": "asphalt",
          "turn:lanes:backward": "left|"
        }
      },
      "geometry": {
        "type": "LineString",
        "coordinates": [
          [
            -71.60634,
            -35.429748
          ],
          [
            -71.606277,
            -35.429647
          ],
          [
            -71.606083,
            -35.429325
          ]
        ]
      }
    },
    {
      "type": "Feature",
      "id": "osm-1071846558",
      "properties": {
        "id": "talca-osm-1071846558",
        "name": "Avenida Las Rastras",
        "has_custom_name": true,
        "type": "Infraestructura ciclista sobre calle (ciclobanda / lane)",
        "category": "on_street",
        "highway": "tertiary",
        "surface": "asphalt",
        "surface_display": "asphalt",
        "segregated": null,
        "segregated_display": "Sin información",
        "oneway": null,
        "length_m": 132.7,
        "length_km": 0.13,
        "source": "OpenStreetMap Contributors",
        "source_id": 1071846558,
        "is_demo": false,
        "raw_osm_tags": {
          "cycleway": "lane",
          "cycleway:both": "lane",
          "cycleway:surface": "paved",
          "highway": "tertiary",
          "lanes": "2",
          "lit": "yes",
          "maxspeed": "50",
          "name": "Avenida Las Rastras",
          "official_name": "Cruce Ruta 115 CH (San Miguel) - Las Rastras - Cruce J-75-K (Punta de Diamante)",
          "old_ref": "K-55",
          "ref": "K-35",
          "source:ref": "Vialidad",
          "surface": "asphalt"
        }
      },
      "geometry": {
        "type": "LineString",
        "coordinates": [
          [
            -71.606083,
            -35.429325
          ],
          [
            -71.605592,
            -35.428511
          ],
          [
            -71.605441,
            -35.428252
          ]
        ]
      }
    },
    {
      "type": "Feature",
      "id": "osm-1072033667",
      "properties": {
        "id": "talca-osm-1072033667",
        "name": "Avenida Las Rastras",
        "has_custom_name": true,
        "type": "Infraestructura ciclista sobre calle (ciclobanda / lane)",
        "category": "on_street",
        "highway": "tertiary",
        "surface": "asphalt",
        "surface_display": "asphalt",
        "segregated": null,
        "segregated_display": "Sin información",
        "oneway": "yes",
        "length_m": 98.2,
        "length_km": 0.1,
        "source": "OpenStreetMap Contributors",
        "source_id": 1072033667,
        "is_demo": false,
        "raw_osm_tags": {
          "cycleway": "lane",
          "cycleway:right": "lane",
          "cycleway:surface": "paved",
          "highway": "tertiary",
          "lanes": "1",
          "lit": "yes",
          "maxspeed": "50",
          "name": "Avenida Las Rastras",
          "official_name": "Cruce Ruta 115 CH (San Miguel) - Las Rastras - Cruce J-75-K (Punta de Diamante)",
          "old_ref": "K-55",
          "oneway": "yes",
          "ref": "K-35",
          "source:ref": "Vialidad",
          "surface": "asphalt"
        }
      },
      "geometry": {
        "type": "LineString",
        "coordinates": [
          [
            -71.608479,
            -35.433106
          ],
          [
            -71.608747,
            -35.433596
          ],
          [
            -71.608826,
            -35.433729
          ],
          [
            -71.608873,
            -35.433821
          ],
          [
            -71.608916,
            -35.433914
          ]
        ]
      }
    },
    {
      "type": "Feature",
      "id": "osm-1072033668",
      "properties": {
        "id": "talca-osm-1072033668",
        "name": "Avenida Las Rastras",
        "has_custom_name": true,
        "type": "Infraestructura ciclista sobre calle (ciclobanda / lane)",
        "category": "on_street",
        "highway": "tertiary",
        "surface": "asphalt",
        "surface_display": "asphalt",
        "segregated": null,
        "segregated_display": "Sin información",
        "oneway": "yes",
        "length_m": 96.2,
        "length_km": 0.1,
        "source": "OpenStreetMap Contributors",
        "source_id": 1072033668,
        "is_demo": false,
        "raw_osm_tags": {
          "cycleway": "lane",
          "cycleway:right": "lane",
          "cycleway:surface": "paved",
          "highway": "tertiary",
          "lanes": "1",
          "lit": "yes",
          "maxspeed": "50",
          "name": "Avenida Las Rastras",
          "official_name": "Cruce Ruta 115 CH (San Miguel) - Las Rastras - Cruce J-75-K (Punta de Diamante)",
          "old_ref": "K-55",
          "oneway": "yes",
          "ref": "K-35",
          "source:ref": "Vialidad",
          "surface": "asphalt"
        }
      },
      "geometry": {
        "type": "LineString",
        "coordinates": [
          [
            -71.608916,
            -35.433914
          ],
          [
            -71.608833,
            -35.433812
          ],
          [
            -71.608786,
            -35.433745
          ],
          [
            -71.608407,
            -35.433155
          ]
        ]
      }
    },
    {
      "type": "Feature",
      "id": "osm-1072040227",
      "properties": {
        "id": "talca-osm-1072040227",
        "name": "Avenida San Miguel",
        "has_custom_name": true,
        "type": "Infraestructura ciclista sobre calle (segregada / track)",
        "category": "on_street",
        "highway": "trunk",
        "surface": "asphalt",
        "surface_display": "asphalt",
        "segregated": null,
        "segregated_display": "Sin información",
        "oneway": "yes",
        "length_m": 204.5,
        "length_km": 0.2,
        "source": "OpenStreetMap Contributors",
        "source_id": 1072040227,
        "is_demo": false,
        "raw_osm_tags": {
          "alt_name": "Ruta 115 CH",
          "cycleway:right": "track",
          "highway": "trunk",
          "lanes": "2",
          "lit": "yes",
          "maxspeed": "50",
          "name": "Avenida San Miguel",
          "official_name": "Cruce Ruta 5 (Talca) - Paso El Pehuenche",
          "oneway": "yes",
          "ref": "115",
          "source:maxspeed": "sign",
          "source:ref": "Vialidad",
          "surface": "asphalt"
        }
      },
      "geometry": {
        "type": "LineString",
        "coordinates": [
          [
            -71.606194,
            -35.444293
          ],
          [
            -71.607885,
            -35.443074
          ]
        ]
      }
    },
    {
      "type": "Feature",
      "id": "osm-1072040229",
      "properties": {
        "id": "talca-osm-1072040229",
        "name": "Avenida San Miguel",
        "has_custom_name": true,
        "type": "Infraestructura ciclista sobre calle (segregada / track)",
        "category": "on_street",
        "highway": "trunk",
        "surface": "asphalt",
        "surface_display": "asphalt",
        "segregated": null,
        "segregated_display": "Sin información",
        "oneway": "yes",
        "length_m": 116.2,
        "length_km": 0.12,
        "source": "OpenStreetMap Contributors",
        "source_id": 1072040229,
        "is_demo": false,
        "raw_osm_tags": {
          "alt_name": "Ruta 115 CH",
          "cycleway:right": "track",
          "highway": "trunk",
          "lanes": "3",
          "lit": "yes",
          "maxspeed": "50",
          "name": "Avenida San Miguel",
          "official_name": "Cruce Ruta 5 (Talca) - Paso El Pehuenche",
          "oneway": "yes",
          "placement": "right_of:2",
          "ref": "115",
          "source:maxspeed": "sign",
          "source:ref": "Vialidad",
          "surface": "asphalt",
          "turn:lanes": "merge_to_right||"
        }
      },
      "geometry": {
        "type": "LineString",
        "coordinates": [
          [
            -71.605245,
            -35.444996
          ],
          [
            -71.606194,
            -35.444293
          ]
        ]
      }
    },
    {
      "type": "Feature",
      "id": "osm-1072040230",
      "properties": {
        "id": "talca-osm-1072040230",
        "name": "Avenida San Miguel",
        "has_custom_name": true,
        "type": "Infraestructura ciclista sobre calle (segregada / track)",
        "category": "on_street",
        "highway": "trunk",
        "surface": "asphalt",
        "surface_display": "asphalt",
        "segregated": null,
        "segregated_display": "Sin información",
        "oneway": "yes",
        "length_m": 220.2,
        "length_km": 0.22,
        "source": "OpenStreetMap Contributors",
        "source_id": 1072040230,
        "is_demo": false,
        "raw_osm_tags": {
          "alt_name": "Ruta 115 CH",
          "cycleway:right": "track",
          "highway": "trunk",
          "lanes": "2",
          "lit": "yes",
          "maxspeed": "50",
          "name": "Avenida San Miguel",
          "official_name": "Cruce Ruta 5 (Talca) - Paso El Pehuenche",
          "oneway": "yes",
          "ref": "115",
          "source:maxspeed": "sign",
          "source:ref": "Vialidad",
          "surface": "asphalt"
        }
      },
      "geometry": {
        "type": "LineString",
        "coordinates": [
          [
            -71.608966,
            -35.442341
          ],
          [
            -71.609257,
            -35.442144
          ],
          [
            -71.609505,
            -35.441967
          ],
          [
            -71.610797,
            -35.441039
          ]
        ]
      }
    },
    {
      "type": "Feature",
      "id": "osm-1072040231",
      "properties": {
        "id": "talca-osm-1072040231",
        "name": "Avenida San Miguel",
        "has_custom_name": true,
        "type": "Infraestructura ciclista sobre calle (segregada / track)",
        "category": "on_street",
        "highway": "trunk",
        "surface": "asphalt",
        "surface_display": "asphalt",
        "segregated": null,
        "segregated_display": "Sin información",
        "oneway": "yes",
        "length_m": 127.4,
        "length_km": 0.13,
        "source": "OpenStreetMap Contributors",
        "source_id": 1072040231,
        "is_demo": false,
        "raw_osm_tags": {
          "alt_name": "Ruta 115 CH",
          "cycleway:right": "track",
          "highway": "trunk",
          "lanes": "2",
          "lit": "yes",
          "maxspeed": "50",
          "name": "Avenida San Miguel",
          "official_name": "Cruce Ruta 5 (Talca) - Paso El Pehuenche",
          "oneway": "yes",
          "ref": "115",
          "source:maxspeed": "sign",
          "source:ref": "Vialidad",
          "surface": "asphalt"
        }
      },
      "geometry": {
        "type": "LineString",
        "coordinates": [
          [
            -71.607885,
            -35.443074
          ],
          [
            -71.608667,
            -35.442534
          ],
          [
            -71.608761,
            -35.442469
          ],
          [
            -71.608867,
            -35.442402
          ],
          [
            -71.608966,
            -35.442341
          ]
        ]
      }
    },
    {
      "type": "Feature",
      "id": "osm-1072072393",
      "properties": {
        "id": "talca-osm-1072072393",
        "name": "Avenida San Miguel",
        "has_custom_name": true,
        "type": "Infraestructura ciclista sobre calle (segregada / track)",
        "category": "on_street",
        "highway": "trunk",
        "surface": "asphalt",
        "surface_display": "asphalt",
        "segregated": null,
        "segregated_display": "Sin información",
        "oneway": "yes",
        "length_m": 14.3,
        "length_km": 0.01,
        "source": "OpenStreetMap Contributors",
        "source_id": 1072072393,
        "is_demo": false,
        "raw_osm_tags": {
          "alt_name": "Ruta 115 CH",
          "cycleway:right": "track",
          "highway": "trunk",
          "lanes": "2",
          "lit": "yes",
          "maxspeed": "50",
          "name": "Avenida San Miguel",
          "official_name": "Cruce Ruta 5 (Talca) - Paso El Pehuenche",
          "oneway": "yes",
          "ref": "115",
          "source:ref": "Vialidad",
          "surface": "asphalt"
        }
      },
      "geometry": {
        "type": "LineString",
        "coordinates": [
          [
            -71.622784,
            -35.436456
          ],
          [
            -71.622931,
            -35.436409
          ]
        ]
      }
    },
    {
      "type": "Feature",
      "id": "osm-1074881064",
      "properties": {
        "id": "talca-osm-1074881064",
        "name": "Vía ciclista sin nombre",
        "has_custom_name": false,
        "type": "Vía ciclista dedicada",
        "category": "dedicated",
        "highway": "cycleway",
        "surface": null,
        "surface_display": "Sin información",
        "segregated": null,
        "segregated_display": "Sin información",
        "oneway": null,
        "length_m": 378.3,
        "length_km": 0.38,
        "source": "OpenStreetMap Contributors",
        "source_id": 1074881064,
        "is_demo": false,
        "raw_osm_tags": {
          "highway": "cycleway"
        }
      },
      "geometry": {
        "type": "LineString",
        "coordinates": [
          [
            -71.610876,
            -35.436614
          ],
          [
            -71.611001,
            -35.436579
          ],
          [
            -71.611967,
            -35.436308
          ],
          [
            -71.612063,
            -35.436282
          ],
          [
            -71.612137,
            -35.43625
          ],
          [
            -71.612219,
            -35.436212
          ],
          [
            -71.614694,
            -35.435456
          ],
          [
            -71.614657,
            -35.435381
          ]
        ]
      }
    },
    {
      "type": "Feature",
      "id": "osm-1074881065",
      "properties": {
        "id": "talca-osm-1074881065",
        "name": "Vía ciclista sin nombre",
        "has_custom_name": false,
        "type": "Vía ciclista dedicada",
        "category": "dedicated",
        "highway": "cycleway",
        "surface": "concrete",
        "surface_display": "concrete",
        "segregated": null,
        "segregated_display": "Sin información",
        "oneway": null,
        "length_m": 831.0,
        "length_km": 0.83,
        "source": "OpenStreetMap Contributors",
        "source_id": 1074881065,
        "is_demo": false,
        "raw_osm_tags": {
          "highway": "cycleway",
          "surface": "concrete"
        }
      },
      "geometry": {
        "type": "LineString",
        "coordinates": [
          [
            -71.62793,
            -35.431349
          ],
          [
            -71.627851,
            -35.431309
          ],
          [
            -71.627632,
            -35.430864
          ],
          [
            -71.627108,
            -35.429889
          ],
          [
            -71.627004,
            -35.429692
          ],
          [
            -71.626958,
            -35.429603
          ],
          [
            -71.62642,
            -35.428521
          ],
          [
            -71.626401,
            -35.428452
          ],
          [
            -71.626396,
            -35.428414
          ],
          [
            -71.626385,
            -35.428341
          ],
          [
            -71.626369,
            -35.428291
          ],
          [
            -71.626334,
            -35.42824
          ],
          [
            -71.626283,
            -35.428182
          ],
          [
            -71.626225,
            -35.428126
          ],
          [
            -71.626217,
            -35.428112
          ],
          [
            -71.626202,
            -35.428081
          ],
          [
            -71.626153,
            -35.427982
          ],
          [
            -71.626147,
            -35.42797
          ],
          [
            -71.62611,
            -35.42788
          ],
          [
            -71.626065,
            -35.427774
          ],
          [
            -71.626035,
            -35.427703
          ],
          [
            -71.626022,
            -35.427646
          ],
          [
            -71.626018,
            -35.427638
          ],
          [
            -71.625992,
            -35.427542
          ],
          [
            -71.62599,
            -35.427501
          ],
          [
            -71.625978,
            -35.427474
          ],
          [
            -71.625958,
            -35.42743
          ],
          [
            -71.625923,
            -35.427356
          ],
          [
            -71.625891,
            -35.427321
          ],
          [
            -71.625842,
            -35.42725
          ],
          [
            -71.625792,
            -35.427164
          ],
          [
            -71.625577,
            -35.42663
          ],
          [
            -71.625542,
            -35.426494
          ],
          [
            -71.625525,
            -35.426427
          ],
          [
            -71.625534,
            -35.426391
          ],
          [
            -71.62555,
            -35.426331
          ],
          [
            -71.625573,
            -35.426253
          ],
          [
            -71.625592,
            -35.426189
          ],
          [
            -71.625587,
            -35.426111
          ],
          [
            -71.62557,
            -35.426067
          ],
          [
            -71.625511,
            -35.425911
          ],
          [
            -71.625438,
            -35.425767
          ],
          [
            -71.625387,
            -35.425667
          ],
          [
            -71.625309,
            -35.425423
          ],
          [
            -71.625295,
            -35.42538
          ],
          [
            -71.625217,
            -35.425093
          ],
          [
            -71.625178,
            -35.424789
          ],
          [
            -71.625182,
            -35.424424
          ],
          [
            -71.625174,
            -35.424344
          ]
        ]
      }
    },
    {
      "type": "Feature",
      "id": "osm-1087760193",
      "properties": {
        "id": "talca-osm-1087760193",
        "name": "Ciclovia RIo Claro",
        "has_custom_name": true,
        "type": "Vía ciclista dedicada",
        "category": "dedicated",
        "highway": "cycleway",
        "surface": "concrete",
        "surface_display": "concrete",
        "segregated": null,
        "segregated_display": "Sin información",
        "oneway": null,
        "length_m": 607.8,
        "length_km": 0.61,
        "source": "OpenStreetMap Contributors",
        "source_id": 1087760193,
        "is_demo": false,
        "raw_osm_tags": {
          "highway": "cycleway",
          "name": "Ciclovia RIo Claro",
          "surface": "concrete"
        }
      },
      "geometry": {
        "type": "LineString",
        "coordinates": [
          [
            -71.680059,
            -35.417132
          ],
          [
            -71.68012,
            -35.417127
          ],
          [
            -71.680146,
            -35.417155
          ],
          [
            -71.680445,
            -35.417777
          ],
          [
            -71.6807,
            -35.41834
          ],
          [
            -71.681006,
            -35.418951
          ],
          [
            -71.681072,
            -35.419132
          ],
          [
            -71.681122,
            -35.419437
          ],
          [
            -71.681146,
            -35.41972
          ],
          [
            -71.681116,
            -35.4198
          ],
          [
            -71.680938,
            -35.420119
          ],
          [
            -71.680865,
            -35.420101
          ],
          [
            -71.680257,
            -35.419964
          ],
          [
            -71.680157,
            -35.419943
          ],
          [
            -71.680091,
            -35.419938
          ],
          [
            -71.680005,
            -35.419938
          ],
          [
            -71.679919,
            -35.419947
          ],
          [
            -71.679027,
            -35.420109
          ],
          [
            -71.678903,
            -35.420138
          ],
          [
            -71.678831,
            -35.420164
          ],
          [
            -71.678774,
            -35.420208
          ],
          [
            -71.678744,
            -35.420265
          ],
          [
            -71.678742,
            -35.420335
          ],
          [
            -71.678793,
            -35.420555
          ],
          [
            -71.678733,
            -35.420563
          ]
        ]
      }
    },
    {
      "type": "Feature",
      "id": "osm-1087760197",
      "properties": {
        "id": "talca-osm-1087760197",
        "name": "Vía ciclista sin nombre",
        "has_custom_name": false,
        "type": "Vía ciclista dedicada",
        "category": "dedicated",
        "highway": "cycleway",
        "surface": "paved",
        "surface_display": "paved",
        "segregated": null,
        "segregated_display": "Sin información",
        "oneway": null,
        "length_m": 513.1,
        "length_km": 0.51,
        "source": "OpenStreetMap Contributors",
        "source_id": 1087760197,
        "is_demo": false,
        "raw_osm_tags": {
          "highway": "cycleway",
          "surface": "paved"
        }
      },
      "geometry": {
        "type": "LineString",
        "coordinates": [
          [
            -71.674683,
            -35.418529
          ],
          [
            -71.674926,
            -35.418384
          ],
          [
            -71.674961,
            -35.41837
          ],
          [
            -71.674994,
            -35.418366
          ],
          [
            -71.675082,
            -35.418358
          ],
          [
            -71.675112,
            -35.418354
          ],
          [
            -71.678332,
            -35.417554
          ],
          [
            -71.679357,
            -35.417304
          ],
          [
            -71.679649,
            -35.417226
          ],
          [
            -71.679808,
            -35.417189
          ],
          [
            -71.680059,
            -35.417132
          ]
        ]
      }
    },
    {
      "type": "Feature",
      "id": "osm-1096054165",
      "properties": {
        "id": "talca-osm-1096054165",
        "name": "Vía ciclista sin nombre",
        "has_custom_name": false,
        "type": "Vía ciclista dedicada (segregada)",
        "category": "dedicated",
        "highway": "cycleway",
        "surface": "paved",
        "surface_display": "paved",
        "segregated": "yes",
        "segregated_display": "Segregada físicamente",
        "oneway": null,
        "length_m": 351.3,
        "length_km": 0.35,
        "source": "OpenStreetMap Contributors",
        "source_id": 1096054165,
        "is_demo": false,
        "raw_osm_tags": {
          "bicycle": "yes",
          "foot": "designated",
          "highway": "cycleway",
          "motor_vehicle": "no",
          "segregated": "yes",
          "surface": "paved"
        }
      },
      "geometry": {
        "type": "LineString",
        "coordinates": [
          [
            -71.675724,
            -35.428138
          ],
          [
            -71.675711,
            -35.428062
          ],
          [
            -71.675621,
            -35.427554
          ],
          [
            -71.67561,
            -35.427478
          ],
          [
            -71.675587,
            -35.427318
          ],
          [
            -71.67557,
            -35.427069
          ],
          [
            -71.67557,
            -35.426999
          ],
          [
            -71.67557,
            -35.426801
          ],
          [
            -71.675581,
            -35.426556
          ],
          [
            -71.675604,
            -35.426274
          ],
          [
            -71.675621,
            -35.426024
          ],
          [
            -71.675644,
            -35.425849
          ],
          [
            -71.675653,
            -35.425797
          ],
          [
            -71.675679,
            -35.425692
          ],
          [
            -71.67573,
            -35.425444
          ],
          [
            -71.675752,
            -35.425359
          ],
          [
            -71.675763,
            -35.425317
          ],
          [
            -71.675802,
            -35.42523
          ],
          [
            -71.675848,
            -35.4251
          ],
          [
            -71.675875,
            -35.425011
          ]
        ]
      }
    },
    {
      "type": "Feature",
      "id": "osm-1096054166",
      "properties": {
        "id": "talca-osm-1096054166",
        "name": "Vía ciclista sin nombre",
        "has_custom_name": false,
        "type": "Vía ciclista dedicada (segregada)",
        "category": "dedicated",
        "highway": "cycleway",
        "surface": "paved",
        "surface_display": "paved",
        "segregated": "yes",
        "segregated_display": "Segregada físicamente",
        "oneway": null,
        "length_m": 70.7,
        "length_km": 0.07,
        "source": "OpenStreetMap Contributors",
        "source_id": 1096054166,
        "is_demo": false,
        "raw_osm_tags": {
          "bicycle": "yes",
          "bridge": "yes",
          "foot": "designated",
          "highway": "cycleway",
          "layer": "1",
          "motor_vehicle": "no",
          "segregated": "yes",
          "surface": "paved"
        }
      },
      "geometry": {
        "type": "LineString",
        "coordinates": [
          [
            -71.675875,
            -35.425011
          ],
          [
            -71.676033,
            -35.424388
          ]
        ]
      }
    },
    {
      "type": "Feature",
      "id": "osm-1096054167",
      "properties": {
        "id": "talca-osm-1096054167",
        "name": "Vía ciclista sin nombre",
        "has_custom_name": false,
        "type": "Vía ciclista dedicada (segregada)",
        "category": "dedicated",
        "highway": "cycleway",
        "surface": "paved",
        "surface_display": "paved",
        "segregated": "yes",
        "segregated_display": "Segregada físicamente",
        "oneway": null,
        "length_m": 79.9,
        "length_km": 0.08,
        "source": "OpenStreetMap Contributors",
        "source_id": 1096054167,
        "is_demo": false,
        "raw_osm_tags": {
          "foot": "designated",
          "highway": "cycleway",
          "segregated": "yes",
          "surface": "paved"
        }
      },
      "geometry": {
        "type": "LineString",
        "coordinates": [
          [
            -71.675724,
            -35.428138
          ],
          [
            -71.675749,
            -35.428204
          ],
          [
            -71.675808,
            -35.428376
          ],
          [
            -71.675835,
            -35.428523
          ],
          [
            -71.675859,
            -35.428678
          ],
          [
            -71.675859,
            -35.428776
          ],
          [
            -71.675866,
            -35.428844
          ]
        ]
      }
    },
    {
      "type": "Feature",
      "id": "osm-1096054168",
      "properties": {
        "id": "talca-osm-1096054168",
        "name": "Vía ciclista sin nombre",
        "has_custom_name": false,
        "type": "Vía ciclista dedicada",
        "category": "dedicated",
        "highway": "cycleway",
        "surface": "paved",
        "surface_display": "paved",
        "segregated": null,
        "segregated_display": "Sin información",
        "oneway": null,
        "length_m": 1115.0,
        "length_km": 1.12,
        "source": "OpenStreetMap Contributors",
        "source_id": 1096054168,
        "is_demo": false,
        "raw_osm_tags": {
          "highway": "cycleway",
          "lit": "yes",
          "surface": "paved"
        }
      },
      "geometry": {
        "type": "LineString",
        "coordinates": [
          [
            -71.652351,
            -35.440509
          ],
          [
            -71.652405,
            -35.440611
          ],
          [
            -71.652507,
            -35.440855
          ],
          [
            -71.652555,
            -35.440995
          ],
          [
            -71.652883,
            -35.441957
          ],
          [
            -71.65295,
            -35.44219
          ],
          [
            -71.653102,
            -35.442641
          ],
          [
            -71.653173,
            -35.442864
          ],
          [
            -71.653218,
            -35.44301
          ],
          [
            -71.653242,
            -35.443088
          ],
          [
            -71.65346,
            -35.443765
          ],
          [
            -71.653602,
            -35.444169
          ],
          [
            -71.653685,
            -35.444351
          ],
          [
            -71.653694,
            -35.444375
          ],
          [
            -71.653714,
            -35.444415
          ],
          [
            -71.653757,
            -35.444499
          ],
          [
            -71.654368,
            -35.445426
          ],
          [
            -71.654447,
            -35.445546
          ],
          [
            -71.654494,
            -35.445618
          ],
          [
            -71.654863,
            -35.446178
          ],
          [
            -71.655304,
            -35.446847
          ],
          [
            -71.655364,
            -35.446926
          ],
          [
            -71.655481,
            -35.447114
          ],
          [
            -71.656225,
            -35.448266
          ],
          [
            -71.656354,
            -35.448457
          ],
          [
            -71.656395,
            -35.448563
          ],
          [
            -71.656401,
            -35.448658
          ],
          [
            -71.656394,
            -35.448764
          ],
          [
            -71.656319,
            -35.449046
          ],
          [
            -71.656115,
            -35.449812
          ]
        ]
      }
    },
    {
      "type": "Feature",
      "id": "osm-1096054169",
      "properties": {
        "id": "talca-osm-1096054169",
        "name": "Vía ciclista sin nombre",
        "has_custom_name": false,
        "type": "Vía ciclista dedicada",
        "category": "dedicated",
        "highway": "cycleway",
        "surface": null,
        "surface_display": "Sin información",
        "segregated": null,
        "segregated_display": "Sin información",
        "oneway": null,
        "length_m": 1079.9,
        "length_km": 1.08,
        "source": "OpenStreetMap Contributors",
        "source_id": 1096054169,
        "is_demo": false,
        "raw_osm_tags": {
          "highway": "cycleway"
        }
      },
      "geometry": {
        "type": "LineString",
        "coordinates": [
          [
            -71.629989,
            -35.453223
          ],
          [
            -71.630093,
            -35.453021
          ],
          [
            -71.630178,
            -35.452873
          ],
          [
            -71.630364,
            -35.452547
          ],
          [
            -71.63062,
            -35.452166
          ],
          [
            -71.630821,
            -35.45191
          ],
          [
            -71.630913,
            -35.451794
          ],
          [
            -71.631009,
            -35.451715
          ],
          [
            -71.631138,
            -35.451671
          ],
          [
            -71.631221,
            -35.451598
          ],
          [
            -71.631461,
            -35.45134
          ],
          [
            -71.63148,
            -35.451295
          ],
          [
            -71.631553,
            -35.451172
          ],
          [
            -71.631848,
            -35.450982
          ],
          [
            -71.631945,
            -35.450943
          ],
          [
            -71.632071,
            -35.45086
          ],
          [
            -71.632175,
            -35.450778
          ],
          [
            -71.632349,
            -35.450642
          ],
          [
            -71.632777,
            -35.450366
          ],
          [
            -71.632805,
            -35.45035
          ],
          [
            -71.633245,
            -35.450095
          ],
          [
            -71.633544,
            -35.449952
          ],
          [
            -71.633705,
            -35.449801
          ],
          [
            -71.634095,
            -35.449663
          ],
          [
            -71.634505,
            -35.449565
          ],
          [
            -71.634986,
            -35.449478
          ],
          [
            -71.635328,
            -35.449375
          ],
          [
            -71.635441,
            -35.449343
          ],
          [
            -71.63575,
            -35.449257
          ],
          [
            -71.636052,
            -35.449207
          ],
          [
            -71.636533,
            -35.449174
          ],
          [
            -71.636887,
            -35.449164
          ],
          [
            -71.636921,
            -35.449166
          ],
          [
            -71.63726,
            -35.449191
          ],
          [
            -71.637478,
            -35.449191
          ],
          [
            -71.637765,
            -35.449139
          ],
          [
            -71.638381,
            -35.448991
          ],
          [
            -71.638415,
            -35.448983
          ],
          [
            -71.638529,
            -35.448915
          ],
          [
            -71.638571,
            -35.448889
          ],
          [
            -71.638683,
            -35.448855
          ],
          [
            -71.638748,
            -35.448851
          ],
          [
            -71.638757,
            -35.44885
          ],
          [
            -71.638865,
            -35.448865
          ],
          [
            -71.63888,
            -35.448861
          ],
          [
            -71.639635,
            -35.448669
          ]
        ]
      }
    },
    {
      "type": "Feature",
      "id": "osm-1096054176",
      "properties": {
        "id": "talca-osm-1096054176",
        "name": "Vía ciclista sin nombre",
        "has_custom_name": false,
        "type": "Vía ciclista dedicada",
        "category": "dedicated",
        "highway": "cycleway",
        "surface": "paved",
        "surface_display": "paved",
        "segregated": null,
        "segregated_display": "Sin información",
        "oneway": null,
        "length_m": 2480.8,
        "length_km": 2.48,
        "source": "OpenStreetMap Contributors",
        "source_id": 1096054176,
        "is_demo": false,
        "raw_osm_tags": {
          "highway": "cycleway",
          "surface": "paved"
        }
      },
      "geometry": {
        "type": "LineString",
        "coordinates": [
          [
            -71.622252,
            -35.446064
          ],
          [
            -71.623915,
            -35.445206
          ],
          [
            -71.624003,
            -35.445165
          ],
          [
            -71.625856,
            -35.444221
          ],
          [
            -71.625904,
            -35.444196
          ],
          [
            -71.626443,
            -35.443922
          ],
          [
            -71.626853,
            -35.443712
          ],
          [
            -71.626959,
            -35.44366
          ],
          [
            -71.627365,
            -35.443461
          ],
          [
            -71.628563,
            -35.442846
          ],
          [
            -71.62895,
            -35.442662
          ],
          [
            -71.629028,
            -35.442625
          ],
          [
            -71.629602,
            -35.44234
          ],
          [
            -71.6297,
            -35.442291
          ],
          [
            -71.630069,
            -35.442102
          ],
          [
            -71.630536,
            -35.441864
          ],
          [
            -71.630708,
            -35.441776
          ],
          [
            -71.631006,
            -35.441621
          ],
          [
            -71.631201,
            -35.44152
          ],
          [
            -71.631474,
            -35.441376
          ],
          [
            -71.631586,
            -35.441317
          ],
          [
            -71.631935,
            -35.441143
          ],
          [
            -71.632045,
            -35.441089
          ],
          [
            -71.632421,
            -35.440895
          ],
          [
            -71.632723,
            -35.44074
          ],
          [
            -71.632939,
            -35.44064
          ],
          [
            -71.633315,
            -35.440455
          ],
          [
            -71.633607,
            -35.440317
          ],
          [
            -71.634059,
            -35.440086
          ],
          [
            -71.634239,
            -35.439995
          ],
          [
            -71.634524,
            -35.439837
          ],
          [
            -71.635049,
            -35.439589
          ],
          [
            -71.635486,
            -35.439361
          ],
          [
            -71.635758,
            -35.439209
          ],
          [
            -71.635929,
            -35.439114
          ],
          [
            -71.636282,
            -35.438941
          ],
          [
            -71.636494,
            -35.438844
          ],
          [
            -71.636877,
            -35.438749
          ],
          [
            -71.636948,
            -35.438731
          ],
          [
            -71.637171,
            -35.438663
          ],
          [
            -71.637862,
            -35.438486
          ],
          [
            -71.638449,
            -35.438341
          ],
          [
            -71.638536,
            -35.43832
          ],
          [
            -71.638803,
            -35.438254
          ],
          [
            -71.638885,
            -35.438218
          ],
          [
            -71.638965,
            -35.438179
          ],
          [
            -71.639011,
            -35.438132
          ],
          [
            -71.639043,
            -35.438082
          ],
          [
            -71.639047,
            -35.438053
          ],
          [
            -71.639021,
            -35.437976
          ],
          [
            -71.638658,
            -35.437103
          ],
          [
            -71.638571,
            -35.436865
          ],
          [
            -71.638465,
            -35.436575
          ],
          [
            -71.638284,
            -35.436081
          ],
          [
            -71.638218,
            -35.435915
          ],
          [
            -71.637903,
            -35.435117
          ],
          [
            -71.637772,
            -35.434785
          ],
          [
            -71.637636,
            -35.434484
          ],
          [
            -71.637591,
            -35.434339
          ],
          [
            -71.6375,
            -35.43417
          ],
          [
            -71.637393,
            -35.43399
          ],
          [
            -71.637352,
            -35.433929
          ],
          [
            -71.637257,
            -35.43379
          ],
          [
            -71.637208,
            -35.433682
          ],
          [
            -71.63719,
            -35.433557
          ],
          [
            -71.637161,
            -35.433259
          ],
          [
            -71.637153,
            -35.433166
          ],
          [
            -71.637136,
            -35.432992
          ],
          [
            -71.637089,
            -35.432832
          ],
          [
            -71.637072,
            -35.432788
          ],
          [
            -71.636828,
            -35.43225
          ],
          [
            -71.636793,
            -35.432107
          ],
          [
            -71.636769,
            -35.432042
          ],
          [
            -71.636759,
            -35.431988
          ]
        ]
      }
    },
    {
      "type": "Feature",
      "id": "osm-1096054184",
      "properties": {
        "id": "talca-osm-1096054184",
        "name": "Avenida 22 Oriente",
        "has_custom_name": true,
        "type": "Infraestructura ciclista sobre calle (segregada / track)",
        "category": "on_street",
        "highway": "residential",
        "surface": "asphalt",
        "surface_display": "asphalt",
        "segregated": null,
        "segregated_display": "Sin información",
        "oneway": "yes",
        "length_m": 47.0,
        "length_km": 0.05,
        "source": "OpenStreetMap Contributors",
        "source_id": 1096054184,
        "is_demo": false,
        "raw_osm_tags": {
          "cycleway:right": "track",
          "highway": "residential",
          "lit": "yes",
          "name": "Avenida 22 Oriente",
          "oneway": "yes",
          "surface": "asphalt"
        }
      },
      "geometry": {
        "type": "LineString",
        "coordinates": [
          [
            -71.624201,
            -35.40614
          ],
          [
            -71.624142,
            -35.406047
          ],
          [
            -71.624037,
            -35.405908
          ],
          [
            -71.623914,
            -35.40579
          ]
        ]
      }
    },
    {
      "type": "Feature",
      "id": "osm-1096054185",
      "properties": {
        "id": "talca-osm-1096054185",
        "name": "Avenida 22 Oriente",
        "has_custom_name": true,
        "type": "Infraestructura ciclista sobre calle (segregada / track)",
        "category": "on_street",
        "highway": "residential",
        "surface": "asphalt",
        "surface_display": "asphalt",
        "segregated": null,
        "segregated_display": "Sin información",
        "oneway": "yes",
        "length_m": 53.0,
        "length_km": 0.05,
        "source": "OpenStreetMap Contributors",
        "source_id": 1096054185,
        "is_demo": false,
        "raw_osm_tags": {
          "cycleway:right": "track",
          "highway": "residential",
          "lit": "yes",
          "name": "Avenida 22 Oriente",
          "oneway": "yes",
          "surface": "asphalt"
        }
      },
      "geometry": {
        "type": "LineString",
        "coordinates": [
          [
            -71.623986,
            -35.405715
          ],
          [
            -71.624169,
            -35.405888
          ],
          [
            -71.62424,
            -35.405991
          ],
          [
            -71.624312,
            -35.406107
          ]
        ]
      }
    },
    {
      "type": "Feature",
      "id": "osm-1096054190",
      "properties": {
        "id": "talca-osm-1096054190",
        "name": "Vía ciclista sin nombre",
        "has_custom_name": false,
        "type": "Vía ciclista dedicada",
        "category": "dedicated",
        "highway": "cycleway",
        "surface": "paved",
        "surface_display": "paved",
        "segregated": null,
        "segregated_display": "Sin información",
        "oneway": null,
        "length_m": 1716.6,
        "length_km": 1.72,
        "source": "OpenStreetMap Contributors",
        "source_id": 1096054190,
        "is_demo": false,
        "raw_osm_tags": {
          "highway": "cycleway",
          "surface": "paved"
        }
      },
      "geometry": {
        "type": "LineString",
        "coordinates": [
          [
            -71.628729,
            -35.413972
          ],
          [
            -71.627527,
            -35.414223
          ],
          [
            -71.627297,
            -35.414272
          ],
          [
            -71.627254,
            -35.414247
          ],
          [
            -71.627124,
            -35.413846
          ],
          [
            -71.626384,
            -35.41177
          ],
          [
            -71.626028,
            -35.410988
          ],
          [
            -71.625871,
            -35.410669
          ],
          [
            -71.625828,
            -35.410582
          ],
          [
            -71.625807,
            -35.410539
          ],
          [
            -71.625744,
            -35.410499
          ],
          [
            -71.625693,
            -35.410502
          ],
          [
            -71.625599,
            -35.410508
          ],
          [
            -71.625544,
            -35.410512
          ],
          [
            -71.62513,
            -35.410579
          ],
          [
            -71.625023,
            -35.410617
          ],
          [
            -71.62488,
            -35.410666
          ],
          [
            -71.624722,
            -35.410706
          ],
          [
            -71.623963,
            -35.4109
          ],
          [
            -71.623889,
            -35.410922
          ],
          [
            -71.623829,
            -35.410939
          ],
          [
            -71.623771,
            -35.410956
          ],
          [
            -71.62365,
            -35.410992
          ],
          [
            -71.623405,
            -35.411093
          ],
          [
            -71.623258,
            -35.411176
          ],
          [
            -71.623162,
            -35.411211
          ],
          [
            -71.62301,
            -35.411226
          ],
          [
            -71.622777,
            -35.41125
          ],
          [
            -71.622697,
            -35.411269
          ],
          [
            -71.622597,
            -35.411336
          ],
          [
            -71.622499,
            -35.411443
          ],
          [
            -71.622382,
            -35.411526
          ],
          [
            -71.622207,
            -35.411616
          ],
          [
            -71.621999,
            -35.411726
          ],
          [
            -71.621922,
            -35.411766
          ],
          [
            -71.621808,
            -35.411846
          ],
          [
            -71.621352,
            -35.412187
          ],
          [
            -71.62114,
            -35.412345
          ],
          [
            -71.621055,
            -35.412405
          ],
          [
            -71.620937,
            -35.412489
          ],
          [
            -71.620617,
            -35.412733
          ],
          [
            -71.620304,
            -35.412956
          ],
          [
            -71.62001,
            -35.413203
          ],
          [
            -71.619638,
            -35.413475
          ],
          [
            -71.61952,
            -35.41356
          ],
          [
            -71.619466,
            -35.413599
          ],
          [
            -71.619405,
            -35.413646
          ],
          [
            -71.619372,
            -35.413671
          ],
          [
            -71.619281,
            -35.413681
          ],
          [
            -71.619223,
            -35.413686
          ],
          [
            -71.619134,
            -35.413722
          ],
          [
            -71.616969,
            -35.415133
          ],
          [
            -71.616727,
            -35.415283
          ],
          [
            -71.615512,
            -35.416073
          ]
        ]
      }
    },
    {
      "type": "Feature",
      "id": "osm-1096054191",
      "properties": {
        "id": "talca-osm-1096054191",
        "name": "Vía ciclista sin nombre",
        "has_custom_name": false,
        "type": "Vía ciclista dedicada",
        "category": "dedicated",
        "highway": "cycleway",
        "surface": "paved",
        "surface_display": "paved",
        "segregated": null,
        "segregated_display": "Sin información",
        "oneway": null,
        "length_m": 1263.1,
        "length_km": 1.26,
        "source": "OpenStreetMap Contributors",
        "source_id": 1096054191,
        "is_demo": false,
        "raw_osm_tags": {
          "highway": "cycleway",
          "surface": "paved"
        }
      },
      "geometry": {
        "type": "LineString",
        "coordinates": [
          [
            -71.603226,
            -35.409831
          ],
          [
            -71.603265,
            -35.409905
          ],
          [
            -71.603459,
            -35.410272
          ],
          [
            -71.603653,
            -35.410639
          ],
          [
            -71.603779,
            -35.410879
          ],
          [
            -71.603835,
            -35.410984
          ],
          [
            -71.604057,
            -35.411403
          ],
          [
            -71.604265,
            -35.411799
          ],
          [
            -71.604455,
            -35.412157
          ],
          [
            -71.604475,
            -35.412198
          ],
          [
            -71.604646,
            -35.41254
          ],
          [
            -71.604831,
            -35.412903
          ],
          [
            -71.605096,
            -35.413423
          ],
          [
            -71.605214,
            -35.413653
          ],
          [
            -71.605249,
            -35.413699
          ],
          [
            -71.605347,
            -35.413694
          ],
          [
            -71.605437,
            -35.413688
          ],
          [
            -71.605451,
            -35.413725
          ],
          [
            -71.605516,
            -35.413851
          ],
          [
            -71.605739,
            -35.414286
          ],
          [
            -71.605808,
            -35.414421
          ],
          [
            -71.605929,
            -35.414666
          ],
          [
            -71.606003,
            -35.414816
          ],
          [
            -71.606117,
            -35.415045
          ],
          [
            -71.606308,
            -35.415428
          ],
          [
            -71.606396,
            -35.415603
          ],
          [
            -71.606503,
            -35.415791
          ],
          [
            -71.606594,
            -35.415952
          ],
          [
            -71.606764,
            -35.416195
          ],
          [
            -71.60681,
            -35.416261
          ],
          [
            -71.606934,
            -35.416411
          ],
          [
            -71.607137,
            -35.416559
          ],
          [
            -71.607178,
            -35.41659
          ],
          [
            -71.607383,
            -35.416673
          ],
          [
            -71.607631,
            -35.416734
          ],
          [
            -71.607872,
            -35.416766
          ],
          [
            -71.608123,
            -35.416857
          ],
          [
            -71.608173,
            -35.416875
          ],
          [
            -71.608403,
            -35.417014
          ],
          [
            -71.608599,
            -35.41721
          ],
          [
            -71.608681,
            -35.417337
          ],
          [
            -71.608919,
            -35.41779
          ],
          [
            -71.608955,
            -35.41786
          ],
          [
            -71.609,
            -35.417937
          ],
          [
            -71.609004,
            -35.417977
          ],
          [
            -71.60903,
            -35.41804
          ],
          [
            -71.609164,
            -35.418315
          ],
          [
            -71.609702,
            -35.419423
          ]
        ]
      }
    },
    {
      "type": "Feature",
      "id": "osm-1096054197",
      "properties": {
        "id": "talca-osm-1096054197",
        "name": "Vía ciclista sin nombre",
        "has_custom_name": false,
        "type": "Vía ciclista dedicada",
        "category": "dedicated",
        "highway": "cycleway",
        "surface": null,
        "surface_display": "Sin información",
        "segregated": null,
        "segregated_display": "Sin información",
        "oneway": null,
        "length_m": 270.0,
        "length_km": 0.27,
        "source": "OpenStreetMap Contributors",
        "source_id": 1096054197,
        "is_demo": false,
        "raw_osm_tags": {
          "highway": "cycleway"
        }
      },
      "geometry": {
        "type": "LineString",
        "coordinates": [
          [
            -71.610193,
            -35.420189
          ],
          [
            -71.610069,
            -35.420065
          ],
          [
            -71.610035,
            -35.42003
          ],
          [
            -71.610055,
            -35.419981
          ],
          [
            -71.611367,
            -35.419092
          ],
          [
            -71.612029,
            -35.41862
          ],
          [
            -71.611999,
            -35.41856
          ]
        ]
      }
    },
    {
      "type": "Feature",
      "id": "osm-1096088043",
      "properties": {
        "id": "talca-osm-1096088043",
        "name": "Vía ciclista sin nombre",
        "has_custom_name": false,
        "type": "Vía ciclista dedicada",
        "category": "dedicated",
        "highway": "cycleway",
        "surface": "paved",
        "surface_display": "paved",
        "segregated": null,
        "segregated_display": "Sin información",
        "oneway": null,
        "length_m": 589.2,
        "length_km": 0.59,
        "source": "OpenStreetMap Contributors",
        "source_id": 1096088043,
        "is_demo": false,
        "raw_osm_tags": {
          "highway": "cycleway",
          "surface": "paved"
        }
      },
      "geometry": {
        "type": "LineString",
        "coordinates": [
          [
            -71.688062,
            -35.455641
          ],
          [
            -71.687906,
            -35.455888
          ],
          [
            -71.687332,
            -35.456856
          ],
          [
            -71.687222,
            -35.457124
          ],
          [
            -71.687162,
            -35.457221
          ],
          [
            -71.686977,
            -35.45752
          ],
          [
            -71.686072,
            -35.459073
          ],
          [
            -71.68597,
            -35.459195
          ],
          [
            -71.685906,
            -35.4593
          ],
          [
            -71.68566,
            -35.459766
          ],
          [
            -71.685568,
            -35.459937
          ],
          [
            -71.685524,
            -35.460022
          ],
          [
            -71.685512,
            -35.460097
          ],
          [
            -71.68549,
            -35.460169
          ],
          [
            -71.685462,
            -35.460226
          ],
          [
            -71.685421,
            -35.460275
          ],
          [
            -71.685372,
            -35.460324
          ],
          [
            -71.685313,
            -35.46043
          ]
        ]
      }
    },
    {
      "type": "Feature",
      "id": "osm-1096088045",
      "properties": {
        "id": "talca-osm-1096088045",
        "name": "Vía ciclista sin nombre",
        "has_custom_name": false,
        "type": "Vía ciclista dedicada",
        "category": "dedicated",
        "highway": "cycleway",
        "surface": null,
        "surface_display": "Sin información",
        "segregated": null,
        "segregated_display": "Sin información",
        "oneway": null,
        "length_m": 437.7,
        "length_km": 0.44,
        "source": "OpenStreetMap Contributors",
        "source_id": 1096088045,
        "is_demo": false,
        "raw_osm_tags": {
          "highway": "cycleway"
        }
      },
      "geometry": {
        "type": "LineString",
        "coordinates": [
          [
            -71.675898,
            -35.462498
          ],
          [
            -71.677041,
            -35.463359
          ],
          [
            -71.678092,
            -35.464149
          ],
          [
            -71.679449,
            -35.465168
          ]
        ]
      }
    },
    {
      "type": "Feature",
      "id": "osm-1096088050",
      "properties": {
        "id": "talca-osm-1096088050",
        "name": "Vía ciclista sin nombre",
        "has_custom_name": false,
        "type": "Vía ciclista dedicada",
        "category": "dedicated",
        "highway": "cycleway",
        "surface": null,
        "surface_display": "Sin información",
        "segregated": null,
        "segregated_display": "Sin información",
        "oneway": null,
        "length_m": 232.6,
        "length_km": 0.23,
        "source": "OpenStreetMap Contributors",
        "source_id": 1096088050,
        "is_demo": false,
        "raw_osm_tags": {
          "highway": "cycleway"
        }
      },
      "geometry": {
        "type": "LineString",
        "coordinates": [
          [
            -71.672895,
            -35.452986
          ],
          [
            -71.673347,
            -35.455045
          ]
        ]
      }
    },
    {
      "type": "Feature",
      "id": "osm-1096162172",
      "properties": {
        "id": "talca-osm-1096162172",
        "name": "Vía ciclista sin nombre",
        "has_custom_name": false,
        "type": "Vía ciclista dedicada",
        "category": "dedicated",
        "highway": "cycleway",
        "surface": null,
        "surface_display": "Sin información",
        "segregated": null,
        "segregated_display": "Sin información",
        "oneway": null,
        "length_m": 126.2,
        "length_km": 0.13,
        "source": "OpenStreetMap Contributors",
        "source_id": 1096162172,
        "is_demo": false,
        "raw_osm_tags": {
          "highway": "cycleway"
        }
      },
      "geometry": {
        "type": "LineString",
        "coordinates": [
          [
            -71.616273,
            -35.444599
          ],
          [
            -71.616411,
            -35.444842
          ],
          [
            -71.616774,
            -35.445488
          ],
          [
            -71.616863,
            -35.445627
          ]
        ]
      }
    },
    {
      "type": "Feature",
      "id": "osm-1096162173",
      "properties": {
        "id": "talca-osm-1096162173",
        "name": "Vía ciclista sin nombre",
        "has_custom_name": false,
        "type": "Vía ciclista dedicada",
        "category": "dedicated",
        "highway": "cycleway",
        "surface": "paved",
        "surface_display": "paved",
        "segregated": null,
        "segregated_display": "Sin información",
        "oneway": null,
        "length_m": 734.7,
        "length_km": 0.73,
        "source": "OpenStreetMap Contributors",
        "source_id": 1096162173,
        "is_demo": false,
        "raw_osm_tags": {
          "highway": "cycleway",
          "surface": "paved"
        }
      },
      "geometry": {
        "type": "LineString",
        "coordinates": [
          [
            -71.675854,
            -35.462342
          ],
          [
            -71.67527,
            -35.461536
          ],
          [
            -71.674851,
            -35.460941
          ],
          [
            -71.674713,
            -35.460759
          ],
          [
            -71.674542,
            -35.460534
          ],
          [
            -71.674457,
            -35.460405
          ],
          [
            -71.6744,
            -35.460236
          ],
          [
            -71.674358,
            -35.460064
          ],
          [
            -71.674084,
            -35.458898
          ],
          [
            -71.673839,
            -35.457842
          ],
          [
            -71.673722,
            -35.457434
          ],
          [
            -71.673713,
            -35.457309
          ],
          [
            -71.673611,
            -35.457044
          ],
          [
            -71.673314,
            -35.45615
          ]
        ]
      }
    },
    {
      "type": "Feature",
      "id": "osm-1096162174",
      "properties": {
        "id": "talca-osm-1096162174",
        "name": "Vía ciclista sin nombre",
        "has_custom_name": false,
        "type": "Vía ciclista dedicada",
        "category": "dedicated",
        "highway": "cycleway",
        "surface": null,
        "surface_display": "Sin información",
        "segregated": null,
        "segregated_display": "Sin información",
        "oneway": null,
        "length_m": 325.2,
        "length_km": 0.33,
        "source": "OpenStreetMap Contributors",
        "source_id": 1096162174,
        "is_demo": false,
        "raw_osm_tags": {
          "highway": "cycleway"
        }
      },
      "geometry": {
        "type": "LineString",
        "coordinates": [
          [
            -71.612425,
            -35.438263
          ],
          [
            -71.612295,
            -35.438104
          ],
          [
            -71.611903,
            -35.437675
          ],
          [
            -71.611785,
            -35.43754
          ],
          [
            -71.611667,
            -35.437383
          ],
          [
            -71.61152,
            -35.437214
          ],
          [
            -71.611469,
            -35.437155
          ],
          [
            -71.611394,
            -35.43702
          ],
          [
            -71.611001,
            -35.436579
          ],
          [
            -71.61094,
            -35.436513
          ],
          [
            -71.610723,
            -35.436281
          ],
          [
            -71.610552,
            -35.436106
          ],
          [
            -71.610428,
            -35.436001
          ],
          [
            -71.610295,
            -35.435925
          ]
        ]
      }
    },
    {
      "type": "Feature",
      "id": "osm-1096162175",
      "properties": {
        "id": "talca-osm-1096162175",
        "name": "Vía ciclista sin nombre",
        "has_custom_name": false,
        "type": "Vía ciclista dedicada",
        "category": "dedicated",
        "highway": "cycleway",
        "surface": null,
        "surface_display": "Sin información",
        "segregated": null,
        "segregated_display": "Sin información",
        "oneway": null,
        "length_m": 246.4,
        "length_km": 0.25,
        "source": "OpenStreetMap Contributors",
        "source_id": 1096162175,
        "is_demo": false,
        "raw_osm_tags": {
          "highway": "cycleway"
        }
      },
      "geometry": {
        "type": "LineString",
        "coordinates": [
          [
            -71.608479,
            -35.433106
          ],
          [
            -71.608497,
            -35.433036
          ],
          [
            -71.608481,
            -35.432953
          ],
          [
            -71.608183,
            -35.432467
          ],
          [
            -71.607526,
            -35.431393
          ],
          [
            -71.607456,
            -35.43131
          ],
          [
            -71.607421,
            -35.431287
          ],
          [
            -71.607376,
            -35.431257
          ],
          [
            -71.607332,
            -35.431236
          ],
          [
            -71.607236,
            -35.43119
          ]
        ]
      }
    },
    {
      "type": "Feature",
      "id": "osm-1096162176",
      "properties": {
        "id": "talca-osm-1096162176",
        "name": "Avenida Las Rastras",
        "has_custom_name": true,
        "type": "Infraestructura ciclista sobre calle (ciclobanda / lane)",
        "category": "on_street",
        "highway": "tertiary",
        "surface": "asphalt",
        "surface_display": "asphalt",
        "segregated": null,
        "segregated_display": "Sin información",
        "oneway": null,
        "length_m": 15.7,
        "length_km": 0.02,
        "source": "OpenStreetMap Contributors",
        "source_id": 1096162176,
        "is_demo": false,
        "raw_osm_tags": {
          "cycleway": "lane",
          "cycleway:right": "lane",
          "highway": "tertiary",
          "lanes": "2",
          "lit": "yes",
          "maxspeed": "50",
          "name": "Avenida Las Rastras",
          "official_name": "Cruce Ruta 115 CH (San Miguel) - Las Rastras - Cruce J-75-K (Punta de Diamante)",
          "old_ref": "K-55",
          "ref": "K-35",
          "source:ref": "Vialidad",
          "surface": "asphalt"
        }
      },
      "geometry": {
        "type": "LineString",
        "coordinates": [
          [
            -71.607315,
            -35.431316
          ],
          [
            -71.607275,
            -35.431251
          ],
          [
            -71.607236,
            -35.43119
          ]
        ]
      }
    },
    {
      "type": "Feature",
      "id": "osm-1096162178",
      "properties": {
        "id": "talca-osm-1096162178",
        "name": "Avenida Las Rastras",
        "has_custom_name": true,
        "type": "Infraestructura ciclista sobre calle (ciclobanda / lane)",
        "category": "on_street",
        "highway": "tertiary",
        "surface": "asphalt",
        "surface_display": "asphalt",
        "segregated": null,
        "segregated_display": "Sin información",
        "oneway": null,
        "length_m": 45.1,
        "length_km": 0.05,
        "source": "OpenStreetMap Contributors",
        "source_id": 1096162178,
        "is_demo": false,
        "raw_osm_tags": {
          "cycleway": "lane",
          "cycleway:right": "lane",
          "highway": "tertiary",
          "lanes": "2",
          "lit": "yes",
          "maxspeed": "50",
          "name": "Avenida Las Rastras",
          "official_name": "Cruce Ruta 115 CH (San Miguel) - Las Rastras - Cruce J-75-K (Punta de Diamante)",
          "old_ref": "K-55",
          "ref": "K-35",
          "source:ref": "Vialidad",
          "surface": "asphalt"
        }
      },
      "geometry": {
        "type": "LineString",
        "coordinates": [
          [
            -71.610579,
            -35.436258
          ],
          [
            -71.610295,
            -35.435925
          ]
        ]
      }
    },
    {
      "type": "Feature",
      "id": "osm-1096444697",
      "properties": {
        "id": "talca-osm-1096444697",
        "name": "Vía ciclista sin nombre",
        "has_custom_name": false,
        "type": "Vía ciclista dedicada",
        "category": "dedicated",
        "highway": "cycleway",
        "surface": "paved",
        "surface_display": "paved",
        "segregated": null,
        "segregated_display": "Sin información",
        "oneway": null,
        "length_m": 643.9,
        "length_km": 0.64,
        "source": "OpenStreetMap Contributors",
        "source_id": 1096444697,
        "is_demo": false,
        "raw_osm_tags": {
          "highway": "cycleway",
          "surface": "paved"
        }
      },
      "geometry": {
        "type": "LineString",
        "coordinates": [
          [
            -71.653741,
            -35.405394
          ],
          [
            -71.653773,
            -35.405411
          ],
          [
            -71.653966,
            -35.405512
          ],
          [
            -71.65435,
            -35.405715
          ],
          [
            -71.654634,
            -35.405869
          ],
          [
            -71.655197,
            -35.406166
          ],
          [
            -71.656031,
            -35.406605
          ],
          [
            -71.656503,
            -35.406852
          ],
          [
            -71.656936,
            -35.407085
          ],
          [
            -71.657042,
            -35.407143
          ],
          [
            -71.657149,
            -35.407201
          ],
          [
            -71.657283,
            -35.407275
          ],
          [
            -71.657543,
            -35.407409
          ],
          [
            -71.657956,
            -35.407622
          ],
          [
            -71.658292,
            -35.4078
          ],
          [
            -71.658393,
            -35.407854
          ],
          [
            -71.658473,
            -35.407904
          ],
          [
            -71.658744,
            -35.408073
          ],
          [
            -71.659045,
            -35.408358
          ],
          [
            -71.659232,
            -35.408628
          ],
          [
            -71.659274,
            -35.408687
          ],
          [
            -71.659356,
            -35.408806
          ],
          [
            -71.659365,
            -35.408824
          ]
        ]
      }
    },
    {
      "type": "Feature",
      "id": "osm-1096444698",
      "properties": {
        "id": "talca-osm-1096444698",
        "name": "Vía ciclista sin nombre",
        "has_custom_name": false,
        "type": "Vía ciclista dedicada",
        "category": "dedicated",
        "highway": "cycleway",
        "surface": null,
        "surface_display": "Sin información",
        "segregated": null,
        "segregated_display": "Sin información",
        "oneway": null,
        "length_m": 535.5,
        "length_km": 0.54,
        "source": "OpenStreetMap Contributors",
        "source_id": 1096444698,
        "is_demo": false,
        "raw_osm_tags": {
          "highway": "cycleway",
          "lit": "yes"
        }
      },
      "geometry": {
        "type": "LineString",
        "coordinates": [
          [
            -71.652118,
            -35.404445
          ],
          [
            -71.651443,
            -35.404082
          ],
          [
            -71.651376,
            -35.404057
          ],
          [
            -71.651299,
            -35.404038
          ],
          [
            -71.651214,
            -35.404015
          ],
          [
            -71.651101,
            -35.40396
          ],
          [
            -71.650155,
            -35.403353
          ],
          [
            -71.649455,
            -35.402907
          ],
          [
            -71.649119,
            -35.402703
          ],
          [
            -71.648522,
            -35.40232
          ],
          [
            -71.648149,
            -35.402098
          ],
          [
            -71.64736,
            -35.401609
          ]
        ]
      }
    },
    {
      "type": "Feature",
      "id": "osm-1099662881",
      "properties": {
        "id": "talca-osm-1099662881",
        "name": "Vía ciclista sin nombre",
        "has_custom_name": false,
        "type": "Vía ciclista dedicada",
        "category": "dedicated",
        "highway": "cycleway",
        "surface": null,
        "surface_display": "Sin información",
        "segregated": null,
        "segregated_display": "Sin información",
        "oneway": "yes",
        "length_m": 126.3,
        "length_km": 0.13,
        "source": "OpenStreetMap Contributors",
        "source_id": 1099662881,
        "is_demo": false,
        "raw_osm_tags": {
          "highway": "cycleway",
          "oneway": "yes"
        }
      },
      "geometry": {
        "type": "LineString",
        "coordinates": [
          [
            -71.638641,
            -35.448711
          ],
          [
            -71.638713,
            -35.448805
          ],
          [
            -71.638748,
            -35.448851
          ],
          [
            -71.638828,
            -35.448956
          ],
          [
            -71.638895,
            -35.449044
          ],
          [
            -71.638926,
            -35.449084
          ],
          [
            -71.639106,
            -35.449308
          ],
          [
            -71.639394,
            -35.449667
          ]
        ]
      }
    },
    {
      "type": "Feature",
      "id": "osm-1099662882",
      "properties": {
        "id": "talca-osm-1099662882",
        "name": "Vía ciclista sin nombre",
        "has_custom_name": false,
        "type": "Vía ciclista dedicada",
        "category": "dedicated",
        "highway": "cycleway",
        "surface": null,
        "surface_display": "Sin información",
        "segregated": null,
        "segregated_display": "Sin información",
        "oneway": "yes",
        "length_m": 62.1,
        "length_km": 0.06,
        "source": "OpenStreetMap Contributors",
        "source_id": 1099662882,
        "is_demo": false,
        "raw_osm_tags": {
          "highway": "cycleway",
          "oneway": "yes"
        }
      },
      "geometry": {
        "type": "LineString",
        "coordinates": [
          [
            -71.638034,
            -35.448002
          ],
          [
            -71.63811,
            -35.448091
          ],
          [
            -71.638179,
            -35.448155
          ],
          [
            -71.638302,
            -35.44828
          ],
          [
            -71.638439,
            -35.448435
          ],
          [
            -71.638448,
            -35.448447
          ]
        ]
      }
    },
    {
      "type": "Feature",
      "id": "osm-1099662883",
      "properties": {
        "id": "talca-osm-1099662883",
        "name": "Vía ciclista sin nombre",
        "has_custom_name": false,
        "type": "Vía ciclista dedicada",
        "category": "dedicated",
        "highway": "cycleway",
        "surface": null,
        "surface_display": "Sin información",
        "segregated": null,
        "segregated_display": "Sin información",
        "oneway": "yes",
        "length_m": 34.2,
        "length_km": 0.03,
        "source": "OpenStreetMap Contributors",
        "source_id": 1099662883,
        "is_demo": false,
        "raw_osm_tags": {
          "bridge": "yes",
          "highway": "cycleway",
          "layer": "1",
          "oneway": "yes"
        }
      },
      "geometry": {
        "type": "LineString",
        "coordinates": [
          [
            -71.638448,
            -35.448447
          ],
          [
            -71.638641,
            -35.448711
          ]
        ]
      }
    },
    {
      "type": "Feature",
      "id": "osm-1099662884",
      "properties": {
        "id": "talca-osm-1099662884",
        "name": "Vía ciclista sin nombre",
        "has_custom_name": false,
        "type": "Vía ciclista dedicada",
        "category": "dedicated",
        "highway": "cycleway",
        "surface": null,
        "surface_display": "Sin información",
        "segregated": null,
        "segregated_display": "Sin información",
        "oneway": "yes",
        "length_m": 175.3,
        "length_km": 0.18,
        "source": "OpenStreetMap Contributors",
        "source_id": 1099662884,
        "is_demo": false,
        "raw_osm_tags": {
          "highway": "cycleway",
          "oneway": "yes"
        }
      },
      "geometry": {
        "type": "LineString",
        "coordinates": [
          [
            -71.639463,
            -35.450098
          ],
          [
            -71.639261,
            -35.449844
          ],
          [
            -71.639194,
            -35.44976
          ],
          [
            -71.638927,
            -35.449423
          ],
          [
            -71.638729,
            -35.449174
          ],
          [
            -71.638713,
            -35.449154
          ],
          [
            -71.638615,
            -35.449031
          ],
          [
            -71.638529,
            -35.448915
          ],
          [
            -71.638419,
            -35.448771
          ]
        ]
      }
    },
    {
      "type": "Feature",
      "id": "osm-1099662885",
      "properties": {
        "id": "talca-osm-1099662885",
        "name": "Vía ciclista sin nombre",
        "has_custom_name": false,
        "type": "Vía ciclista dedicada",
        "category": "dedicated",
        "highway": "cycleway",
        "surface": null,
        "surface_display": "Sin información",
        "segregated": null,
        "segregated_display": "Sin información",
        "oneway": "yes",
        "length_m": 62.6,
        "length_km": 0.06,
        "source": "OpenStreetMap Contributors",
        "source_id": 1099662885,
        "is_demo": false,
        "raw_osm_tags": {
          "highway": "cycleway",
          "oneway": "yes"
        }
      },
      "geometry": {
        "type": "LineString",
        "coordinates": [
          [
            -71.638211,
            -35.448494
          ],
          [
            -71.637994,
            -35.448208
          ],
          [
            -71.63786,
            -35.448009
          ]
        ]
      }
    },
    {
      "type": "Feature",
      "id": "osm-1099662886",
      "properties": {
        "id": "talca-osm-1099662886",
        "name": "Vía ciclista sin nombre",
        "has_custom_name": false,
        "type": "Vía ciclista dedicada",
        "category": "dedicated",
        "highway": "cycleway",
        "surface": null,
        "surface_display": "Sin información",
        "segregated": null,
        "segregated_display": "Sin información",
        "oneway": "yes",
        "length_m": 36.1,
        "length_km": 0.04,
        "source": "OpenStreetMap Contributors",
        "source_id": 1099662886,
        "is_demo": false,
        "raw_osm_tags": {
          "bridge": "yes",
          "highway": "cycleway",
          "layer": "1",
          "oneway": "yes"
        }
      },
      "geometry": {
        "type": "LineString",
        "coordinates": [
          [
            -71.638419,
            -35.448771
          ],
          [
            -71.638211,
            -35.448494
          ]
        ]
      }
    },
    {
      "type": "Feature",
      "id": "osm-1107448765",
      "properties": {
        "id": "talca-osm-1107448765",
        "name": "18 Oriente",
        "has_custom_name": true,
        "type": "Infraestructura ciclista sobre calle (segregada / track)",
        "category": "on_street",
        "highway": "tertiary",
        "surface": "concrete",
        "surface_display": "concrete",
        "segregated": null,
        "segregated_display": "Sin información",
        "oneway": null,
        "length_m": 63.5,
        "length_km": 0.06,
        "source": "OpenStreetMap Contributors",
        "source_id": 1107448765,
        "is_demo": false,
        "raw_osm_tags": {
          "cycleway:right": "track",
          "cycleway:right:oneway": "no",
          "highway": "tertiary",
          "lanes": "2",
          "lit": "yes",
          "maxspeed": "50",
          "name": "18 Oriente",
          "surface": "concrete"
        }
      },
      "geometry": {
        "type": "LineString",
        "coordinates": [
          [
            -71.635572,
            -35.419464
          ],
          [
            -71.635559,
            -35.419425
          ],
          [
            -71.635366,
            -35.41894
          ],
          [
            -71.635358,
            -35.41892
          ]
        ]
      }
    },
    {
      "type": "Feature",
      "id": "osm-1107448766",
      "properties": {
        "id": "talca-osm-1107448766",
        "name": "18 Oriente",
        "has_custom_name": true,
        "type": "Infraestructura ciclista sobre calle (ciclobanda / lane)",
        "category": "on_street",
        "highway": "tertiary",
        "surface": "concrete",
        "surface_display": "concrete",
        "segregated": null,
        "segregated_display": "Sin información",
        "oneway": null,
        "length_m": 29.5,
        "length_km": 0.03,
        "source": "OpenStreetMap Contributors",
        "source_id": 1107448766,
        "is_demo": false,
        "raw_osm_tags": {
          "cycleway:right": "lane",
          "cycleway:right:oneway": "no",
          "highway": "tertiary",
          "lanes": "2",
          "lit": "yes",
          "maxspeed": "50",
          "name": "18 Oriente",
          "surface": "concrete"
        }
      },
      "geometry": {
        "type": "LineString",
        "coordinates": [
          [
            -71.635358,
            -35.41892
          ],
          [
            -71.635349,
            -35.418895
          ],
          [
            -71.635327,
            -35.418837
          ],
          [
            -71.635303,
            -35.418784
          ],
          [
            -71.635278,
            -35.418726
          ],
          [
            -71.635253,
            -35.418669
          ]
        ]
      }
    },
    {
      "type": "Feature",
      "id": "osm-1121132284",
      "properties": {
        "id": "talca-osm-1121132284",
        "name": "Vía ciclista sin nombre",
        "has_custom_name": false,
        "type": "Vía ciclista dedicada",
        "category": "dedicated",
        "highway": "cycleway",
        "surface": null,
        "surface_display": "Sin información",
        "segregated": null,
        "segregated_display": "Sin información",
        "oneway": null,
        "length_m": 31.1,
        "length_km": 0.03,
        "source": "OpenStreetMap Contributors",
        "source_id": 1121132284,
        "is_demo": false,
        "raw_osm_tags": {
          "highway": "cycleway",
          "layer": "1"
        }
      },
      "geometry": {
        "type": "LineString",
        "coordinates": [
          [
            -71.636759,
            -35.431988
          ],
          [
            -71.636716,
            -35.431973
          ],
          [
            -71.636679,
            -35.431985
          ],
          [
            -71.636608,
            -35.432008
          ],
          [
            -71.636441,
            -35.432063
          ]
        ]
      }
    },
    {
      "type": "Feature",
      "id": "osm-1121132285",
      "properties": {
        "id": "talca-osm-1121132285",
        "name": "Vía ciclista sin nombre",
        "has_custom_name": false,
        "type": "Vía ciclista dedicada",
        "category": "dedicated",
        "highway": "cycleway",
        "surface": null,
        "surface_display": "Sin información",
        "segregated": null,
        "segregated_display": "Sin información",
        "oneway": null,
        "length_m": 24.4,
        "length_km": 0.02,
        "source": "OpenStreetMap Contributors",
        "source_id": 1121132285,
        "is_demo": false,
        "raw_osm_tags": {
          "bridge": "yes",
          "cycleway": "crossing",
          "foot": "designated",
          "highway": "cycleway",
          "layer": "1"
        }
      },
      "geometry": {
        "type": "LineString",
        "coordinates": [
          [
            -71.636889,
            -35.43195
          ],
          [
            -71.637142,
            -35.431875
          ]
        ]
      }
    },
    {
      "type": "Feature",
      "id": "osm-1121132286",
      "properties": {
        "id": "talca-osm-1121132286",
        "name": "Vía ciclista sin nombre",
        "has_custom_name": false,
        "type": "Vía ciclista dedicada",
        "category": "dedicated",
        "highway": "cycleway",
        "surface": null,
        "surface_display": "Sin información",
        "segregated": null,
        "segregated_display": "Sin información",
        "oneway": null,
        "length_m": 12.5,
        "length_km": 0.01,
        "source": "OpenStreetMap Contributors",
        "source_id": 1121132286,
        "is_demo": false,
        "raw_osm_tags": {
          "cycleway": "crossing",
          "foot": "designated",
          "highway": "cycleway"
        }
      },
      "geometry": {
        "type": "LineString",
        "coordinates": [
          [
            -71.636759,
            -35.431988
          ],
          [
            -71.636803,
            -35.431975
          ],
          [
            -71.636889,
            -35.43195
          ]
        ]
      }
    },
    {
      "type": "Feature",
      "id": "osm-1121132287",
      "properties": {
        "id": "talca-osm-1121132287",
        "name": "Vía ciclista sin nombre",
        "has_custom_name": false,
        "type": "Vía ciclista dedicada",
        "category": "dedicated",
        "highway": "cycleway",
        "surface": null,
        "surface_display": "Sin información",
        "segregated": "no",
        "segregated_display": "No segregada",
        "oneway": null,
        "length_m": 72.3,
        "length_km": 0.07,
        "source": "OpenStreetMap Contributors",
        "source_id": 1121132287,
        "is_demo": false,
        "raw_osm_tags": {
          "cycleway": "crossing",
          "foot": "designated",
          "highway": "cycleway",
          "segregated": "no"
        }
      },
      "geometry": {
        "type": "LineString",
        "coordinates": [
          [
            -71.649565,
            -35.423106
          ],
          [
            -71.649571,
            -35.423105
          ],
          [
            -71.649581,
            -35.423102
          ],
          [
            -71.649593,
            -35.423093
          ],
          [
            -71.6496,
            -35.423082
          ],
          [
            -71.649606,
            -35.423079
          ],
          [
            -71.649662,
            -35.423073
          ],
          [
            -71.649792,
            -35.423066
          ],
          [
            -71.649878,
            -35.423057
          ],
          [
            -71.649884,
            -35.423028
          ],
          [
            -71.649901,
            -35.422999
          ],
          [
            -71.650047,
            -35.422843
          ],
          [
            -71.650093,
            -35.422788
          ],
          [
            -71.65009,
            -35.422762
          ],
          [
            -71.650083,
            -35.422731
          ]
        ]
      }
    },
    {
      "type": "Feature",
      "id": "osm-1121132288",
      "properties": {
        "id": "talca-osm-1121132288",
        "name": "Vía ciclista sin nombre",
        "has_custom_name": false,
        "type": "Vía ciclista dedicada",
        "category": "dedicated",
        "highway": "cycleway",
        "surface": null,
        "surface_display": "Sin información",
        "segregated": "no",
        "segregated_display": "No segregada",
        "oneway": null,
        "length_m": 63.3,
        "length_km": 0.06,
        "source": "OpenStreetMap Contributors",
        "source_id": 1121132288,
        "is_demo": false,
        "raw_osm_tags": {
          "cycleway": "crossing",
          "foot": "designated",
          "highway": "cycleway",
          "segregated": "no"
        }
      },
      "geometry": {
        "type": "LineString",
        "coordinates": [
          [
            -71.649565,
            -35.423106
          ],
          [
            -71.649572,
            -35.423151
          ],
          [
            -71.649583,
            -35.423238
          ],
          [
            -71.64959,
            -35.423297
          ],
          [
            -71.649612,
            -35.42331
          ],
          [
            -71.649697,
            -35.423305
          ],
          [
            -71.649822,
            -35.423299
          ],
          [
            -71.649862,
            -35.423297
          ],
          [
            -71.649895,
            -35.423297
          ],
          [
            -71.649928,
            -35.423353
          ],
          [
            -71.649981,
            -35.423397
          ]
        ]
      }
    },
    {
      "type": "Feature",
      "id": "osm-1126599718",
      "properties": {
        "id": "talca-osm-1126599718",
        "name": "Vía ciclista sin nombre",
        "has_custom_name": false,
        "type": "Vía ciclista dedicada",
        "category": "dedicated",
        "highway": "cycleway",
        "surface": null,
        "surface_display": "Sin información",
        "segregated": null,
        "segregated_display": "Sin información",
        "oneway": null,
        "length_m": 501.5,
        "length_km": 0.5,
        "source": "OpenStreetMap Contributors",
        "source_id": 1126599718,
        "is_demo": false,
        "raw_osm_tags": {
          "highway": "cycleway"
        }
      },
      "geometry": {
        "type": "LineString",
        "coordinates": [
          [
            -71.638565,
            -35.415649
          ],
          [
            -71.638582,
            -35.4157
          ],
          [
            -71.638597,
            -35.415746
          ],
          [
            -71.638567,
            -35.41582
          ],
          [
            -71.63854,
            -35.415885
          ],
          [
            -71.637992,
            -35.41635
          ],
          [
            -71.637841,
            -35.416478
          ],
          [
            -71.637694,
            -35.416538
          ],
          [
            -71.637544,
            -35.416584
          ],
          [
            -71.637402,
            -35.41668
          ],
          [
            -71.637291,
            -35.416775
          ],
          [
            -71.636885,
            -35.417124
          ],
          [
            -71.636678,
            -35.417333
          ],
          [
            -71.636352,
            -35.417683
          ],
          [
            -71.636222,
            -35.417822
          ],
          [
            -71.636028,
            -35.418026
          ],
          [
            -71.635911,
            -35.418109
          ],
          [
            -71.635569,
            -35.418272
          ],
          [
            -71.635501,
            -35.418307
          ],
          [
            -71.635492,
            -35.41837
          ],
          [
            -71.635547,
            -35.418486
          ],
          [
            -71.635572,
            -35.418538
          ],
          [
            -71.635393,
            -35.418669
          ],
          [
            -71.635366,
            -35.418739
          ],
          [
            -71.635426,
            -35.418875
          ],
          [
            -71.635436,
            -35.41891
          ],
          [
            -71.635366,
            -35.41894
          ]
        ]
      }
    },
    {
      "type": "Feature",
      "id": "osm-1163744790",
      "properties": {
        "id": "talca-osm-1163744790",
        "name": "Avenida San Miguel",
        "has_custom_name": true,
        "type": "Infraestructura ciclista sobre calle (ciclobanda / lane)",
        "category": "on_street",
        "highway": "trunk",
        "surface": "asphalt",
        "surface_display": "asphalt",
        "segregated": null,
        "segregated_display": "Sin información",
        "oneway": "yes",
        "length_m": 18.8,
        "length_km": 0.02,
        "source": "OpenStreetMap Contributors",
        "source_id": 1163744790,
        "is_demo": false,
        "raw_osm_tags": {
          "alt_name": "Ruta 115 CH",
          "cycleway:right": "lane",
          "highway": "trunk",
          "lanes": "2",
          "lit": "yes",
          "maxspeed": "50",
          "name": "Avenida San Miguel",
          "official_name": "Cruce Ruta 5 (Talca) - Paso El Pehuenche",
          "oneway": "yes",
          "ref": "115",
          "source:ref": "Vialidad",
          "surface": "asphalt"
        }
      },
      "geometry": {
        "type": "LineString",
        "coordinates": [
          [
            -71.634524,
            -35.432752
          ],
          [
            -71.634718,
            -35.432691
          ]
        ]
      }
    },
    {
      "type": "Feature",
      "id": "osm-1172840817",
      "properties": {
        "id": "talca-osm-1172840817",
        "name": "Vía ciclista sin nombre",
        "has_custom_name": false,
        "type": "Vía ciclista dedicada",
        "category": "dedicated",
        "highway": "cycleway",
        "surface": null,
        "surface_display": "Sin información",
        "segregated": null,
        "segregated_display": "Sin información",
        "oneway": null,
        "length_m": 390.3,
        "length_km": 0.39,
        "source": "OpenStreetMap Contributors",
        "source_id": 1172840817,
        "is_demo": false,
        "raw_osm_tags": {
          "highway": "cycleway"
        }
      },
      "geometry": {
        "type": "LineString",
        "coordinates": [
          [
            -71.639463,
            -35.450098
          ],
          [
            -71.639584,
            -35.450251
          ],
          [
            -71.639759,
            -35.450454
          ],
          [
            -71.639793,
            -35.450494
          ],
          [
            -71.639878,
            -35.450618
          ],
          [
            -71.639887,
            -35.450666
          ],
          [
            -71.639875,
            -35.450701
          ],
          [
            -71.639858,
            -35.450768
          ],
          [
            -71.639791,
            -35.450937
          ],
          [
            -71.639776,
            -35.450975
          ],
          [
            -71.639758,
            -35.451021
          ],
          [
            -71.639692,
            -35.451196
          ],
          [
            -71.639647,
            -35.451275
          ],
          [
            -71.639617,
            -35.451352
          ],
          [
            -71.639584,
            -35.451445
          ],
          [
            -71.639561,
            -35.451578
          ],
          [
            -71.639561,
            -35.451685
          ],
          [
            -71.63958,
            -35.451801
          ],
          [
            -71.639641,
            -35.451956
          ],
          [
            -71.639715,
            -35.452069
          ],
          [
            -71.639819,
            -35.452168
          ],
          [
            -71.640174,
            -35.452437
          ],
          [
            -71.640255,
            -35.452489
          ],
          [
            -71.640301,
            -35.452518
          ],
          [
            -71.640359,
            -35.45256
          ],
          [
            -71.64054,
            -35.452643
          ],
          [
            -71.640645,
            -35.45268
          ],
          [
            -71.641091,
            -35.452825
          ]
        ]
      }
    },
    {
      "type": "Feature",
      "id": "osm-1172840818",
      "properties": {
        "id": "talca-osm-1172840818",
        "name": "Vía ciclista sin nombre",
        "has_custom_name": false,
        "type": "Vía ciclista dedicada",
        "category": "dedicated",
        "highway": "cycleway",
        "surface": null,
        "surface_display": "Sin información",
        "segregated": null,
        "segregated_display": "Sin información",
        "oneway": null,
        "length_m": 63.6,
        "length_km": 0.06,
        "source": "OpenStreetMap Contributors",
        "source_id": 1172840818,
        "is_demo": false,
        "raw_osm_tags": {
          "highway": "cycleway"
        }
      },
      "geometry": {
        "type": "LineString",
        "coordinates": [
          [
            -71.639394,
            -35.449667
          ],
          [
            -71.639458,
            -35.449747
          ],
          [
            -71.639777,
            -35.450146
          ]
        ]
      }
    },
    {
      "type": "Feature",
      "id": "osm-1186134756",
      "properties": {
        "id": "talca-osm-1186134756",
        "name": "Vía ciclista sin nombre",
        "has_custom_name": false,
        "type": "Vía ciclista dedicada (segregada)",
        "category": "dedicated",
        "highway": "cycleway",
        "surface": "paved",
        "surface_display": "paved",
        "segregated": "yes",
        "segregated_display": "Segregada físicamente",
        "oneway": null,
        "length_m": 281.4,
        "length_km": 0.28,
        "source": "OpenStreetMap Contributors",
        "source_id": 1186134756,
        "is_demo": false,
        "raw_osm_tags": {
          "bicycle": "designated",
          "foot": "designated",
          "highway": "cycleway",
          "segregated": "yes",
          "surface": "paved"
        }
      },
      "geometry": {
        "type": "LineString",
        "coordinates": [
          [
            -71.691985,
            -35.455497
          ],
          [
            -71.69142,
            -35.455653
          ],
          [
            -71.691261,
            -35.455699
          ],
          [
            -71.691159,
            -35.455733
          ],
          [
            -71.691016,
            -35.455791
          ],
          [
            -71.690898,
            -35.455854
          ],
          [
            -71.690842,
            -35.455886
          ],
          [
            -71.690739,
            -35.455945
          ],
          [
            -71.690192,
            -35.456288
          ],
          [
            -71.689757,
            -35.456476
          ],
          [
            -71.689563,
            -35.456556
          ],
          [
            -71.689332,
            -35.456666
          ],
          [
            -71.689368,
            -35.456713
          ]
        ]
      }
    },
    {
      "type": "Feature",
      "id": "osm-1212899911",
      "properties": {
        "id": "talca-osm-1212899911",
        "name": "Vía ciclista sin nombre",
        "has_custom_name": false,
        "type": "Vía ciclista dedicada",
        "category": "dedicated",
        "highway": "cycleway",
        "surface": "paved",
        "surface_display": "paved",
        "segregated": null,
        "segregated_display": "Sin información",
        "oneway": null,
        "length_m": 184.5,
        "length_km": 0.18,
        "source": "OpenStreetMap Contributors",
        "source_id": 1212899911,
        "is_demo": false,
        "raw_osm_tags": {
          "highway": "cycleway",
          "surface": "paved"
        }
      },
      "geometry": {
        "type": "LineString",
        "coordinates": [
          [
            -71.615008,
            -35.442404
          ],
          [
            -71.614652,
            -35.441735
          ],
          [
            -71.614317,
            -35.441105
          ],
          [
            -71.614198,
            -35.440882
          ]
        ]
      }
    },
    {
      "type": "Feature",
      "id": "osm-1216364510",
      "properties": {
        "id": "talca-osm-1216364510",
        "name": "Vía ciclista sin nombre",
        "has_custom_name": false,
        "type": "Vía ciclista dedicada (segregada)",
        "category": "dedicated",
        "highway": "cycleway",
        "surface": "paved",
        "surface_display": "paved",
        "segregated": "yes",
        "segregated_display": "Segregada físicamente",
        "oneway": null,
        "length_m": 425.8,
        "length_km": 0.43,
        "source": "OpenStreetMap Contributors",
        "source_id": 1216364510,
        "is_demo": false,
        "raw_osm_tags": {
          "foot": "designated",
          "highway": "cycleway",
          "segregated": "yes",
          "surface": "paved"
        }
      },
      "geometry": {
        "type": "LineString",
        "coordinates": [
          [
            -71.690303,
            -35.452315
          ],
          [
            -71.690181,
            -35.452673
          ],
          [
            -71.690163,
            -35.452726
          ],
          [
            -71.690124,
            -35.452847
          ],
          [
            -71.690109,
            -35.452893
          ],
          [
            -71.690037,
            -35.453078
          ],
          [
            -71.689977,
            -35.453206
          ],
          [
            -71.689947,
            -35.453253
          ],
          [
            -71.68987,
            -35.453373
          ],
          [
            -71.689802,
            -35.453478
          ],
          [
            -71.689592,
            -35.453767
          ],
          [
            -71.689303,
            -35.454088
          ],
          [
            -71.688957,
            -35.454448
          ],
          [
            -71.688749,
            -35.454667
          ],
          [
            -71.688271,
            -35.455309
          ],
          [
            -71.688201,
            -35.455419
          ],
          [
            -71.688062,
            -35.455641
          ]
        ]
      }
    },
    {
      "type": "Feature",
      "id": "osm-1216367503",
      "properties": {
        "id": "talca-osm-1216367503",
        "name": "Vía ciclista sin nombre",
        "has_custom_name": false,
        "type": "Vía ciclista dedicada",
        "category": "dedicated",
        "highway": "cycleway",
        "surface": "paved",
        "surface_display": "paved",
        "segregated": null,
        "segregated_display": "Sin información",
        "oneway": null,
        "length_m": 126.1,
        "length_km": 0.13,
        "source": "OpenStreetMap Contributors",
        "source_id": 1216367503,
        "is_demo": false,
        "raw_osm_tags": {
          "highway": "cycleway",
          "surface": "paved"
        }
      },
      "geometry": {
        "type": "LineString",
        "coordinates": [
          [
            -71.684945,
            -35.461085
          ],
          [
            -71.68434,
            -35.462027
          ],
          [
            -71.684262,
            -35.461995
          ]
        ]
      }
    },
    {
      "type": "Feature",
      "id": "osm-1216367504",
      "properties": {
        "id": "talca-osm-1216367504",
        "name": "Vía ciclista sin nombre",
        "has_custom_name": false,
        "type": "Vía ciclista dedicada (segregada)",
        "category": "dedicated",
        "highway": "cycleway",
        "surface": "paved",
        "surface_display": "paved",
        "segregated": "yes",
        "segregated_display": "Segregada físicamente",
        "oneway": null,
        "length_m": 58.2,
        "length_km": 0.06,
        "source": "OpenStreetMap Contributors",
        "source_id": 1216367504,
        "is_demo": false,
        "raw_osm_tags": {
          "foot": "designated",
          "highway": "cycleway",
          "segregated": "yes",
          "surface": "paved"
        }
      },
      "geometry": {
        "type": "LineString",
        "coordinates": [
          [
            -71.685313,
            -35.46043
          ],
          [
            -71.685159,
            -35.460737
          ],
          [
            -71.68514,
            -35.460788
          ],
          [
            -71.685216,
            -35.460832
          ],
          [
            -71.685181,
            -35.460888
          ]
        ]
      }
    },
    {
      "type": "Feature",
      "id": "osm-1216367505",
      "properties": {
        "id": "talca-osm-1216367505",
        "name": "Vía ciclista sin nombre",
        "has_custom_name": false,
        "type": "Vía ciclista dedicada (segregada)",
        "category": "dedicated",
        "highway": "cycleway",
        "surface": "paved",
        "surface_display": "paved",
        "segregated": "yes",
        "segregated_display": "Segregada físicamente",
        "oneway": null,
        "length_m": 37.2,
        "length_km": 0.04,
        "source": "OpenStreetMap Contributors",
        "source_id": 1216367505,
        "is_demo": false,
        "raw_osm_tags": {
          "foot": "designated",
          "highway": "cycleway",
          "segregated": "yes",
          "surface": "paved"
        }
      },
      "geometry": {
        "type": "LineString",
        "coordinates": [
          [
            -71.685181,
            -35.460888
          ],
          [
            -71.685082,
            -35.461051
          ],
          [
            -71.685055,
            -35.461095
          ],
          [
            -71.685011,
            -35.461074
          ],
          [
            -71.684977,
            -35.461065
          ],
          [
            -71.684945,
            -35.461085
          ]
        ]
      }
    },
    {
      "type": "Feature",
      "id": "osm-1216610239",
      "properties": {
        "id": "talca-osm-1216610239",
        "name": "Vía ciclista sin nombre",
        "has_custom_name": false,
        "type": "Vía ciclista dedicada (segregada)",
        "category": "dedicated",
        "highway": "cycleway",
        "surface": "paved",
        "surface_display": "paved",
        "segregated": "yes",
        "segregated_display": "Segregada físicamente",
        "oneway": "no",
        "length_m": 157.7,
        "length_km": 0.16,
        "source": "OpenStreetMap Contributors",
        "source_id": 1216610239,
        "is_demo": false,
        "raw_osm_tags": {
          "foot": "designated",
          "highway": "cycleway",
          "horse": "no",
          "lit": "no",
          "motor_vehicle": "no",
          "oneway": "no",
          "segregated": "yes",
          "surface": "paved"
        }
      },
      "geometry": {
        "type": "LineString",
        "coordinates": [
          [
            -71.676619,
            -35.430114
          ],
          [
            -71.676565,
            -35.430061
          ],
          [
            -71.676201,
            -35.429535
          ],
          [
            -71.676068,
            -35.429337
          ],
          [
            -71.675941,
            -35.429049
          ],
          [
            -71.675866,
            -35.428844
          ]
        ]
      }
    },
    {
      "type": "Feature",
      "id": "osm-1216610256",
      "properties": {
        "id": "talca-osm-1216610256",
        "name": "Vía ciclista sin nombre",
        "has_custom_name": false,
        "type": "Vía ciclista dedicada (segregada)",
        "category": "dedicated",
        "highway": "cycleway",
        "surface": "concrete",
        "surface_display": "concrete",
        "segregated": "yes",
        "segregated_display": "Segregada físicamente",
        "oneway": null,
        "length_m": 316.9,
        "length_km": 0.32,
        "source": "OpenStreetMap Contributors",
        "source_id": 1216610256,
        "is_demo": false,
        "raw_osm_tags": {
          "cycleway:surface": "concrete",
          "cycleway:width": "2",
          "foot": "designated",
          "footway:surface": "concrete",
          "highway": "cycleway",
          "segregated": "yes",
          "surface": "concrete"
        }
      },
      "geometry": {
        "type": "LineString",
        "coordinates": [
          [
            -71.674473,
            -35.41835
          ],
          [
            -71.674522,
            -35.418335
          ],
          [
            -71.674536,
            -35.418337
          ],
          [
            -71.674622,
            -35.418383
          ],
          [
            -71.674627,
            -35.418394
          ],
          [
            -71.674631,
            -35.418403
          ],
          [
            -71.67465,
            -35.418455
          ],
          [
            -71.674683,
            -35.418529
          ],
          [
            -71.674721,
            -35.41863
          ],
          [
            -71.675328,
            -35.419524
          ],
          [
            -71.675391,
            -35.419614
          ],
          [
            -71.675438,
            -35.419714
          ],
          [
            -71.675486,
            -35.419818
          ],
          [
            -71.67552,
            -35.419906
          ],
          [
            -71.675549,
            -35.419999
          ],
          [
            -71.675562,
            -35.420095
          ],
          [
            -71.675585,
            -35.420219
          ],
          [
            -71.675602,
            -35.420296
          ],
          [
            -71.67562,
            -35.420354
          ],
          [
            -71.675656,
            -35.420424
          ],
          [
            -71.675671,
            -35.420498
          ],
          [
            -71.67573,
            -35.420752
          ],
          [
            -71.675761,
            -35.420837
          ],
          [
            -71.675763,
            -35.420899
          ]
        ]
      }
    },
    {
      "type": "Feature",
      "id": "osm-1216897761",
      "properties": {
        "id": "talca-osm-1216897761",
        "name": "Vía ciclista sin nombre",
        "has_custom_name": false,
        "type": "Vía ciclista dedicada",
        "category": "dedicated",
        "highway": "cycleway",
        "surface": null,
        "surface_display": "Sin información",
        "segregated": null,
        "segregated_display": "Sin información",
        "oneway": null,
        "length_m": 26.7,
        "length_km": 0.03,
        "source": "OpenStreetMap Contributors",
        "source_id": 1216897761,
        "is_demo": false,
        "raw_osm_tags": {
          "cycleway": "crossing",
          "foot": "designated",
          "highway": "cycleway"
        }
      },
      "geometry": {
        "type": "LineString",
        "coordinates": [
          [
            -71.649878,
            -35.423057
          ],
          [
            -71.649883,
            -35.423131
          ],
          [
            -71.649886,
            -35.423215
          ],
          [
            -71.649895,
            -35.423297
          ]
        ]
      }
    },
    {
      "type": "Feature",
      "id": "osm-1267145862",
      "properties": {
        "id": "talca-osm-1267145862",
        "name": "Vía ciclista sin nombre",
        "has_custom_name": false,
        "type": "Vía ciclista dedicada",
        "category": "dedicated",
        "highway": "cycleway",
        "surface": "paved",
        "surface_display": "paved",
        "segregated": null,
        "segregated_display": "Sin información",
        "oneway": null,
        "length_m": 882.5,
        "length_km": 0.88,
        "source": "OpenStreetMap Contributors",
        "source_id": 1267145862,
        "is_demo": false,
        "raw_osm_tags": {
          "highway": "cycleway",
          "surface": "paved"
        }
      },
      "geometry": {
        "type": "LineString",
        "coordinates": [
          [
            -71.632594,
            -35.421717
          ],
          [
            -71.632533,
            -35.421664
          ],
          [
            -71.632506,
            -35.421563
          ],
          [
            -71.632071,
            -35.420445
          ],
          [
            -71.631868,
            -35.419922
          ],
          [
            -71.631338,
            -35.418581
          ],
          [
            -71.631302,
            -35.418517
          ],
          [
            -71.631221,
            -35.418447
          ],
          [
            -71.631132,
            -35.418426
          ],
          [
            -71.631088,
            -35.418321
          ],
          [
            -71.631053,
            -35.418238
          ],
          [
            -71.631132,
            -35.418187
          ],
          [
            -71.631148,
            -35.41814
          ],
          [
            -71.63114,
            -35.418101
          ],
          [
            -71.630932,
            -35.417593
          ],
          [
            -71.630887,
            -35.417546
          ],
          [
            -71.630838,
            -35.417477
          ],
          [
            -71.630736,
            -35.417311
          ],
          [
            -71.630683,
            -35.417253
          ],
          [
            -71.630612,
            -35.417217
          ],
          [
            -71.630528,
            -35.416998
          ],
          [
            -71.630496,
            -35.416941
          ],
          [
            -71.630502,
            -35.416886
          ],
          [
            -71.630502,
            -35.416824
          ],
          [
            -71.630446,
            -35.416571
          ],
          [
            -71.630502,
            -35.416495
          ],
          [
            -71.629727,
            -35.414536
          ],
          [
            -71.629673,
            -35.414495
          ],
          [
            -71.629587,
            -35.414478
          ],
          [
            -71.629563,
            -35.414408
          ]
        ]
      }
    },
    {
      "type": "Feature",
      "id": "osm-1267145863",
      "properties": {
        "id": "talca-osm-1267145863",
        "name": "Vía ciclista sin nombre",
        "has_custom_name": false,
        "type": "Vía ciclista dedicada",
        "category": "dedicated",
        "highway": "cycleway",
        "surface": "paved",
        "surface_display": "paved",
        "segregated": null,
        "segregated_display": "Sin información",
        "oneway": null,
        "length_m": 332.3,
        "length_km": 0.33,
        "source": "OpenStreetMap Contributors",
        "source_id": 1267145863,
        "is_demo": false,
        "raw_osm_tags": {
          "highway": "cycleway",
          "surface": "paved"
        }
      },
      "geometry": {
        "type": "LineString",
        "coordinates": [
          [
            -71.635265,
            -35.42898
          ],
          [
            -71.635301,
            -35.428964
          ],
          [
            -71.635301,
            -35.428927
          ],
          [
            -71.634295,
            -35.426416
          ],
          [
            -71.634278,
            -35.426341
          ],
          [
            -71.634247,
            -35.426293
          ],
          [
            -71.634226,
            -35.426262
          ],
          [
            -71.634202,
            -35.426153
          ]
        ]
      }
    },
    {
      "type": "Feature",
      "id": "osm-1314183011",
      "properties": {
        "id": "talca-osm-1314183011",
        "name": "Vía ciclista sin nombre",
        "has_custom_name": false,
        "type": "Vía ciclista dedicada",
        "category": "dedicated",
        "highway": "cycleway",
        "surface": "paved",
        "surface_display": "paved",
        "segregated": null,
        "segregated_display": "Sin información",
        "oneway": null,
        "length_m": 357.5,
        "length_km": 0.36,
        "source": "OpenStreetMap Contributors",
        "source_id": 1314183011,
        "is_demo": false,
        "raw_osm_tags": {
          "highway": "cycleway",
          "surface": "paved"
        }
      },
      "geometry": {
        "type": "LineString",
        "coordinates": [
          [
            -71.670868,
            -35.449281
          ],
          [
            -71.670897,
            -35.449328
          ],
          [
            -71.671009,
            -35.44951
          ],
          [
            -71.671413,
            -35.45018
          ],
          [
            -71.67146,
            -35.450258
          ],
          [
            -71.67211,
            -35.451324
          ],
          [
            -71.67213,
            -35.451357
          ],
          [
            -71.672197,
            -35.451467
          ],
          [
            -71.672215,
            -35.451498
          ],
          [
            -71.672542,
            -35.452055
          ],
          [
            -71.672566,
            -35.452099
          ],
          [
            -71.672593,
            -35.452172
          ]
        ]
      }
    },
    {
      "type": "Feature",
      "id": "osm-1314183012",
      "properties": {
        "id": "talca-osm-1314183012",
        "name": "Vía ciclista sin nombre",
        "has_custom_name": false,
        "type": "Vía ciclista dedicada",
        "category": "dedicated",
        "highway": "cycleway",
        "surface": "paved",
        "surface_display": "paved",
        "segregated": null,
        "segregated_display": "Sin información",
        "oneway": null,
        "length_m": 389.3,
        "length_km": 0.39,
        "source": "OpenStreetMap Contributors",
        "source_id": 1314183012,
        "is_demo": false,
        "raw_osm_tags": {
          "highway": "cycleway",
          "surface": "paved"
        }
      },
      "geometry": {
        "type": "LineString",
        "coordinates": [
          [
            -71.668909,
            -35.446132
          ],
          [
            -71.668946,
            -35.446128
          ],
          [
            -71.668966,
            -35.44615
          ],
          [
            -71.66932,
            -35.446738
          ],
          [
            -71.669633,
            -35.44726
          ],
          [
            -71.670194,
            -35.448177
          ],
          [
            -71.670789,
            -35.449152
          ],
          [
            -71.670841,
            -35.449236
          ]
        ]
      }
    },
    {
      "type": "Feature",
      "id": "osm-1314183013",
      "properties": {
        "id": "talca-osm-1314183013",
        "name": "Vía ciclista sin nombre",
        "has_custom_name": false,
        "type": "Vía ciclista dedicada",
        "category": "dedicated",
        "highway": "cycleway",
        "surface": "paved",
        "surface_display": "paved",
        "segregated": null,
        "segregated_display": "Sin información",
        "oneway": null,
        "length_m": 5.6,
        "length_km": 0.01,
        "source": "OpenStreetMap Contributors",
        "source_id": 1314183013,
        "is_demo": false,
        "raw_osm_tags": {
          "bridge": "yes",
          "highway": "cycleway",
          "layer": "1",
          "surface": "paved"
        }
      },
      "geometry": {
        "type": "LineString",
        "coordinates": [
          [
            -71.670841,
            -35.449236
          ],
          [
            -71.670868,
            -35.449281
          ]
        ]
      }
    },
    {
      "type": "Feature",
      "id": "osm-1314183014",
      "properties": {
        "id": "talca-osm-1314183014",
        "name": "Vía ciclista sin nombre",
        "has_custom_name": false,
        "type": "Vía ciclista dedicada",
        "category": "dedicated",
        "highway": "cycleway",
        "surface": "paved",
        "surface_display": "paved",
        "segregated": null,
        "segregated_display": "Sin información",
        "oneway": null,
        "length_m": 68.7,
        "length_km": 0.07,
        "source": "OpenStreetMap Contributors",
        "source_id": 1314183014,
        "is_demo": false,
        "raw_osm_tags": {
          "highway": "cycleway",
          "surface": "paved"
        }
      },
      "geometry": {
        "type": "LineString",
        "coordinates": [
          [
            -71.672669,
            -35.452399
          ],
          [
            -71.67268,
            -35.452435
          ],
          [
            -71.67277,
            -35.452742
          ],
          [
            -71.672783,
            -35.452833
          ],
          [
            -71.672788,
            -35.453006
          ]
        ]
      }
    },
    {
      "type": "Feature",
      "id": "osm-1314183015",
      "properties": {
        "id": "talca-osm-1314183015",
        "name": "Vía ciclista sin nombre",
        "has_custom_name": false,
        "type": "Vía ciclista dedicada",
        "category": "dedicated",
        "highway": "cycleway",
        "surface": "paved",
        "surface_display": "paved",
        "segregated": null,
        "segregated_display": "Sin información",
        "oneway": null,
        "length_m": 26.2,
        "length_km": 0.03,
        "source": "OpenStreetMap Contributors",
        "source_id": 1314183015,
        "is_demo": false,
        "raw_osm_tags": {
          "bridge": "yes",
          "highway": "cycleway",
          "layer": "1",
          "surface": "paved"
        }
      },
      "geometry": {
        "type": "LineString",
        "coordinates": [
          [
            -71.672593,
            -35.452172
          ],
          [
            -71.672669,
            -35.452399
          ]
        ]
      }
    },
    {
      "type": "Feature",
      "id": "osm-1367384733",
      "properties": {
        "id": "talca-osm-1367384733",
        "name": "Vía ciclista sin nombre",
        "has_custom_name": false,
        "type": "Vía ciclista dedicada",
        "category": "dedicated",
        "highway": "cycleway",
        "surface": "paved",
        "surface_display": "paved",
        "segregated": null,
        "segregated_display": "Sin información",
        "oneway": null,
        "length_m": 341.8,
        "length_km": 0.34,
        "source": "OpenStreetMap Contributors",
        "source_id": 1367384733,
        "is_demo": false,
        "raw_osm_tags": {
          "highway": "cycleway",
          "surface": "paved"
        }
      },
      "geometry": {
        "type": "LineString",
        "coordinates": [
          [
            -71.651625,
            -35.39703
          ],
          [
            -71.651606,
            -35.397065
          ],
          [
            -71.651604,
            -35.397113
          ],
          [
            -71.651943,
            -35.398583
          ],
          [
            -71.652018,
            -35.398912
          ],
          [
            -71.652092,
            -35.399233
          ],
          [
            -71.652166,
            -35.399554
          ],
          [
            -71.65224,
            -35.399875
          ],
          [
            -71.652252,
            -35.39996
          ],
          [
            -71.652247,
            -35.400052
          ]
        ]
      }
    },
    {
      "type": "Feature",
      "id": "osm-1367384734",
      "properties": {
        "id": "talca-osm-1367384734",
        "name": "Avenida 5 Oriente",
        "has_custom_name": true,
        "type": "Infraestructura ciclista sobre calle (segregada / track)",
        "category": "on_street",
        "highway": "tertiary",
        "surface": "asphalt",
        "surface_display": "asphalt",
        "segregated": null,
        "segregated_display": "Sin información",
        "oneway": "no",
        "length_m": 57.0,
        "length_km": 0.06,
        "source": "OpenStreetMap Contributors",
        "source_id": 1367384734,
        "is_demo": false,
        "raw_osm_tags": {
          "cycleway:left": "track",
          "highway": "tertiary",
          "lanes": "2",
          "lit": "yes",
          "maxspeed": "50",
          "name": "Avenida 5 Oriente",
          "official_name": "Cruce Av. Lircay - Cruce Av. Circunvalación (23 Norte)",
          "oneway": "no",
          "ref": "K-510",
          "source:ref": "Vialidad",
          "surface": "asphalt"
        }
      },
      "geometry": {
        "type": "LineString",
        "coordinates": [
          [
            -71.652251,
            -35.400573
          ],
          [
            -71.652223,
            -35.400461
          ],
          [
            -71.6522,
            -35.400345
          ],
          [
            -71.652191,
            -35.400262
          ],
          [
            -71.652186,
            -35.400065
          ]
        ]
      }
    },
    {
      "type": "Feature",
      "id": "osm-1370703085",
      "properties": {
        "id": "talca-osm-1370703085",
        "name": "Vía ciclista sin nombre",
        "has_custom_name": false,
        "type": "Vía ciclista dedicada",
        "category": "dedicated",
        "highway": "cycleway",
        "surface": "paved",
        "surface_display": "paved",
        "segregated": null,
        "segregated_display": "Sin información",
        "oneway": null,
        "length_m": 473.3,
        "length_km": 0.47,
        "source": "OpenStreetMap Contributors",
        "source_id": 1370703085,
        "is_demo": false,
        "raw_osm_tags": {
          "highway": "cycleway",
          "surface": "paved"
        }
      },
      "geometry": {
        "type": "LineString",
        "coordinates": [
          [
            -71.62989,
            -35.453373
          ],
          [
            -71.630112,
            -35.453394
          ],
          [
            -71.630292,
            -35.453414
          ],
          [
            -71.630488,
            -35.453437
          ],
          [
            -71.630836,
            -35.453482
          ],
          [
            -71.632222,
            -35.453647
          ],
          [
            -71.632715,
            -35.453699
          ],
          [
            -71.633086,
            -35.453728
          ],
          [
            -71.633412,
            -35.453742
          ],
          [
            -71.633858,
            -35.453745
          ],
          [
            -71.635085,
            -35.453741
          ]
        ]
      }
    },
    {
      "type": "Feature",
      "id": "osm-1370703086",
      "properties": {
        "id": "talca-osm-1370703086",
        "name": "Vía ciclista sin nombre",
        "has_custom_name": false,
        "type": "Vía ciclista dedicada",
        "category": "dedicated",
        "highway": "cycleway",
        "surface": "paved",
        "surface_display": "paved",
        "segregated": null,
        "segregated_display": "Sin información",
        "oneway": null,
        "length_m": 349.4,
        "length_km": 0.35,
        "source": "OpenStreetMap Contributors",
        "source_id": 1370703086,
        "is_demo": false,
        "raw_osm_tags": {
          "highway": "cycleway",
          "surface": "paved"
        }
      },
      "geometry": {
        "type": "LineString",
        "coordinates": [
          [
            -71.635949,
            -35.453718
          ],
          [
            -71.637046,
            -35.453677
          ],
          [
            -71.637129,
            -35.453671
          ],
          [
            -71.637489,
            -35.453643
          ],
          [
            -71.638286,
            -35.453576
          ],
          [
            -71.639122,
            -35.453488
          ],
          [
            -71.6394,
            -35.453451
          ],
          [
            -71.639782,
            -35.453394
          ]
        ]
      }
    },
    {
      "type": "Feature",
      "id": "osm-1417437651",
      "properties": {
        "id": "talca-osm-1417437651",
        "name": "Vía ciclista sin nombre",
        "has_custom_name": false,
        "type": "Vía ciclista dedicada",
        "category": "dedicated",
        "highway": "cycleway",
        "surface": "paved",
        "surface_display": "paved",
        "segregated": null,
        "segregated_display": "Sin información",
        "oneway": "yes",
        "length_m": 388.7,
        "length_km": 0.39,
        "source": "OpenStreetMap Contributors",
        "source_id": 1417437651,
        "is_demo": false,
        "raw_osm_tags": {
          "highway": "cycleway",
          "oneway": "yes",
          "surface": "paved"
        }
      },
      "geometry": {
        "type": "LineString",
        "coordinates": [
          [
            -71.671145,
            -35.421216
          ],
          [
            -71.671209,
            -35.421209
          ],
          [
            -71.672388,
            -35.421126
          ],
          [
            -71.675044,
            -35.420925
          ],
          [
            -71.675417,
            -35.420897
          ]
        ]
      }
    },
    {
      "type": "Feature",
      "id": "osm-1417437652",
      "properties": {
        "id": "talca-osm-1417437652",
        "name": "Vía ciclista sin nombre",
        "has_custom_name": false,
        "type": "Vía ciclista dedicada",
        "category": "dedicated",
        "highway": "cycleway",
        "surface": "paved",
        "surface_display": "paved",
        "segregated": null,
        "segregated_display": "Sin información",
        "oneway": "yes",
        "length_m": 16.6,
        "length_km": 0.02,
        "source": "OpenStreetMap Contributors",
        "source_id": 1417437652,
        "is_demo": false,
        "raw_osm_tags": {
          "crossing": "marked",
          "cycleway": "crossing",
          "highway": "cycleway",
          "oneway": "yes",
          "surface": "paved"
        }
      },
      "geometry": {
        "type": "LineString",
        "coordinates": [
          [
            -71.670962,
            -35.421225
          ],
          [
            -71.671145,
            -35.421216
          ]
        ]
      }
    },
    {
      "type": "Feature",
      "id": "osm-1418569267",
      "properties": {
        "id": "talca-osm-1418569267",
        "name": "Avenida 22 Oriente",
        "has_custom_name": true,
        "type": "Infraestructura ciclista sobre calle (segregada / track)",
        "category": "on_street",
        "highway": "residential",
        "surface": "asphalt",
        "surface_display": "asphalt",
        "segregated": null,
        "segregated_display": "Sin información",
        "oneway": "yes",
        "length_m": 20.0,
        "length_km": 0.02,
        "source": "OpenStreetMap Contributors",
        "source_id": 1418569267,
        "is_demo": false,
        "raw_osm_tags": {
          "cycleway:right": "track",
          "foot": "no",
          "highway": "residential",
          "lit": "yes",
          "name": "Avenida 22 Oriente",
          "oneway": "yes",
          "surface": "asphalt"
        }
      },
      "geometry": {
        "type": "LineString",
        "coordinates": [
          [
            -71.624593,
            -35.407243
          ],
          [
            -71.624539,
            -35.407069
          ]
        ]
      }
    },
    {
      "type": "Feature",
      "id": "osm-1418569269",
      "properties": {
        "id": "talca-osm-1418569269",
        "name": "Avenida 22 Oriente",
        "has_custom_name": true,
        "type": "Infraestructura ciclista sobre calle (segregada / track)",
        "category": "on_street",
        "highway": "residential",
        "surface": "asphalt",
        "surface_display": "asphalt",
        "segregated": null,
        "segregated_display": "Sin información",
        "oneway": "yes",
        "length_m": 10.4,
        "length_km": 0.01,
        "source": "OpenStreetMap Contributors",
        "source_id": 1418569269,
        "is_demo": false,
        "raw_osm_tags": {
          "cycleway:right": "track",
          "foot": "no",
          "highway": "residential",
          "lit": "yes",
          "name": "Avenida 22 Oriente",
          "oneway": "yes",
          "surface": "asphalt"
        }
      },
      "geometry": {
        "type": "LineString",
        "coordinates": [
          [
            -71.62462,
            -35.407334
          ],
          [
            -71.624593,
            -35.407243
          ]
        ]
      }
    },
    {
      "type": "Feature",
      "id": "osm-1418569270",
      "properties": {
        "id": "talca-osm-1418569270",
        "name": "Avenida 22 Oriente",
        "has_custom_name": true,
        "type": "Infraestructura ciclista sobre calle (segregada / track)",
        "category": "on_street",
        "highway": "residential",
        "surface": "asphalt",
        "surface_display": "asphalt",
        "segregated": null,
        "segregated_display": "Sin información",
        "oneway": "yes",
        "length_m": 22.5,
        "length_km": 0.02,
        "source": "OpenStreetMap Contributors",
        "source_id": 1418569270,
        "is_demo": false,
        "raw_osm_tags": {
          "cycleway:right": "track",
          "highway": "residential",
          "lit": "yes",
          "name": "Avenida 22 Oriente",
          "oneway": "yes",
          "surface": "asphalt"
        }
      },
      "geometry": {
        "type": "LineString",
        "coordinates": [
          [
            -71.624539,
            -35.407069
          ],
          [
            -71.624489,
            -35.4069
          ],
          [
            -71.624482,
            -35.406872
          ]
        ]
      }
    },
    {
      "type": "Feature",
      "id": "osm-1418990578",
      "properties": {
        "id": "talca-osm-1418990578",
        "name": "Vía ciclista sin nombre",
        "has_custom_name": false,
        "type": "Vía ciclista dedicada (segregada)",
        "category": "dedicated",
        "highway": "cycleway",
        "surface": "concrete",
        "surface_display": "concrete",
        "segregated": "yes",
        "segregated_display": "Segregada físicamente",
        "oneway": null,
        "length_m": 10.5,
        "length_km": 0.01,
        "source": "OpenStreetMap Contributors",
        "source_id": 1418990578,
        "is_demo": false,
        "raw_osm_tags": {
          "crossing": "traffic_signals",
          "cycleway": "crossing",
          "cycleway:surface": "concrete",
          "cycleway:width": "2",
          "foot": "designated",
          "footway:surface": "concrete",
          "highway": "cycleway",
          "segregated": "yes",
          "surface": "concrete"
        }
      },
      "geometry": {
        "type": "LineString",
        "coordinates": [
          [
            -71.674369,
            -35.418392
          ],
          [
            -71.674473,
            -35.41835
          ]
        ]
      }
    },
    {
      "type": "Feature",
      "id": "osm-1418990579",
      "properties": {
        "id": "talca-osm-1418990579",
        "name": "Vía ciclista sin nombre",
        "has_custom_name": false,
        "type": "Vía ciclista dedicada (segregada)",
        "category": "dedicated",
        "highway": "cycleway",
        "surface": "concrete",
        "surface_display": "concrete",
        "segregated": "yes",
        "segregated_display": "Segregada físicamente",
        "oneway": null,
        "length_m": 139.3,
        "length_km": 0.14,
        "source": "OpenStreetMap Contributors",
        "source_id": 1418990579,
        "is_demo": false,
        "raw_osm_tags": {
          "cycleway:surface": "concrete",
          "cycleway:width": "2",
          "foot": "designated",
          "footway:surface": "concrete",
          "highway": "cycleway",
          "segregated": "yes",
          "surface": "concrete"
        }
      },
      "geometry": {
        "type": "LineString",
        "coordinates": [
          [
            -71.673975,
            -35.417283
          ],
          [
            -71.673973,
            -35.417333
          ],
          [
            -71.673994,
            -35.417449
          ],
          [
            -71.674104,
            -35.417959
          ],
          [
            -71.674151,
            -35.418098
          ],
          [
            -71.674197,
            -35.418202
          ],
          [
            -71.674231,
            -35.418298
          ],
          [
            -71.674256,
            -35.418365
          ],
          [
            -71.674282,
            -35.418426
          ],
          [
            -71.674332,
            -35.418407
          ],
          [
            -71.674369,
            -35.418392
          ]
        ]
      }
    },
    {
      "type": "Feature",
      "id": "osm-1419050599",
      "properties": {
        "id": "talca-osm-1419050599",
        "name": "Avenida 22 Oriente",
        "has_custom_name": true,
        "type": "Infraestructura ciclista sobre calle (segregada / track)",
        "category": "on_street",
        "highway": "residential",
        "surface": "asphalt",
        "surface_display": "asphalt",
        "segregated": null,
        "segregated_display": "Sin información",
        "oneway": "yes",
        "length_m": 10.6,
        "length_km": 0.01,
        "source": "OpenStreetMap Contributors",
        "source_id": 1419050599,
        "is_demo": false,
        "raw_osm_tags": {
          "cycleway:right": "track",
          "foot": "no",
          "highway": "residential",
          "lit": "yes",
          "name": "Avenida 22 Oriente",
          "oneway": "yes",
          "surface": "asphalt"
        }
      },
      "geometry": {
        "type": "LineString",
        "coordinates": [
          [
            -71.62473,
            -35.407718
          ],
          [
            -71.624701,
            -35.407626
          ]
        ]
      }
    },
    {
      "type": "Feature",
      "id": "osm-1419050600",
      "properties": {
        "id": "talca-osm-1419050600",
        "name": "Avenida 22 Oriente",
        "has_custom_name": true,
        "type": "Infraestructura ciclista sobre calle (segregada / track)",
        "category": "on_street",
        "highway": "residential",
        "surface": "asphalt",
        "surface_display": "asphalt",
        "segregated": null,
        "segregated_display": "Sin información",
        "oneway": "yes",
        "length_m": 33.3,
        "length_km": 0.03,
        "source": "OpenStreetMap Contributors",
        "source_id": 1419050600,
        "is_demo": false,
        "raw_osm_tags": {
          "cycleway:right": "track",
          "highway": "residential",
          "lit": "yes",
          "name": "Avenida 22 Oriente",
          "oneway": "yes",
          "surface": "asphalt"
        }
      },
      "geometry": {
        "type": "LineString",
        "coordinates": [
          [
            -71.624701,
            -35.407626
          ],
          [
            -71.62462,
            -35.407334
          ]
        ]
      }
    },
    {
      "type": "Feature",
      "id": "osm-1419066775",
      "properties": {
        "id": "talca-osm-1419066775",
        "name": "Calle 10 Oriente",
        "has_custom_name": true,
        "type": "Infraestructura ciclista sobre calle (ciclobanda / lane)",
        "category": "on_street",
        "highway": "tertiary",
        "surface": "concrete",
        "surface_display": "concrete",
        "segregated": null,
        "segregated_display": "Sin información",
        "oneway": "yes",
        "length_m": 9.2,
        "length_km": 0.01,
        "source": "OpenStreetMap Contributors",
        "source_id": 1419066775,
        "is_demo": false,
        "raw_osm_tags": {
          "cycleway:left": "lane",
          "foot": "no",
          "highway": "tertiary",
          "lanes": "2",
          "lit": "yes",
          "maxspeed": "50",
          "name": "Calle 10 Oriente",
          "oneway": "yes",
          "surface": "concrete"
        }
      },
      "geometry": {
        "type": "LineString",
        "coordinates": [
          [
            -71.65443,
            -35.445647
          ],
          [
            -71.654379,
            -35.445575
          ]
        ]
      }
    },
    {
      "type": "Feature",
      "id": "osm-1419066776",
      "properties": {
        "id": "talca-osm-1419066776",
        "name": "Calle 10 Oriente",
        "has_custom_name": true,
        "type": "Infraestructura ciclista sobre calle (ciclobanda / lane)",
        "category": "on_street",
        "highway": "tertiary",
        "surface": "concrete",
        "surface_display": "concrete",
        "segregated": null,
        "segregated_display": "Sin información",
        "oneway": "yes",
        "length_m": 8.9,
        "length_km": 0.01,
        "source": "OpenStreetMap Contributors",
        "source_id": 1419066776,
        "is_demo": false,
        "raw_osm_tags": {
          "cycleway:left": "lane",
          "foot": "no",
          "highway": "tertiary",
          "lanes": "2",
          "lit": "yes",
          "maxspeed": "50",
          "name": "Calle 10 Oriente",
          "oneway": "yes",
          "surface": "concrete"
        }
      },
      "geometry": {
        "type": "LineString",
        "coordinates": [
          [
            -71.654503,
            -35.445521
          ],
          [
            -71.654549,
            -35.445592
          ]
        ]
      }
    },
    {
      "type": "Feature",
      "id": "osm-1419066778",
      "properties": {
        "id": "talca-osm-1419066778",
        "name": "Calle 10 Oriente",
        "has_custom_name": true,
        "type": "Infraestructura ciclista sobre calle (ciclobanda / lane)",
        "category": "on_street",
        "highway": "secondary",
        "surface": "concrete",
        "surface_display": "concrete",
        "segregated": null,
        "segregated_display": "Sin información",
        "oneway": "yes",
        "length_m": 14.9,
        "length_km": 0.01,
        "source": "OpenStreetMap Contributors",
        "source_id": 1419066778,
        "is_demo": false,
        "raw_osm_tags": {
          "cycleway:left": "lane",
          "foot": "no",
          "highway": "secondary",
          "lanes": "2",
          "lit": "yes",
          "maxspeed": "50",
          "name": "Calle 10 Oriente",
          "oneway": "yes",
          "surface": "concrete"
        }
      },
      "geometry": {
        "type": "LineString",
        "coordinates": [
          [
            -71.654426,
            -35.445403
          ],
          [
            -71.654443,
            -35.445429
          ],
          [
            -71.654503,
            -35.445521
          ]
        ]
      }
    },
    {
      "type": "Feature",
      "id": "osm-1419066779",
      "properties": {
        "id": "talca-osm-1419066779",
        "name": "Calle 10 Oriente",
        "has_custom_name": true,
        "type": "Infraestructura ciclista sobre calle (ciclobanda / lane)",
        "category": "on_street",
        "highway": "secondary",
        "surface": "concrete",
        "surface_display": "concrete",
        "segregated": null,
        "segregated_display": "Sin información",
        "oneway": "yes",
        "length_m": 15.1,
        "length_km": 0.02,
        "source": "OpenStreetMap Contributors",
        "source_id": 1419066779,
        "is_demo": false,
        "raw_osm_tags": {
          "cycleway:left": "lane",
          "foot": "no",
          "highway": "secondary",
          "lanes": "2",
          "lit": "yes",
          "maxspeed": "50",
          "name": "Calle 10 Oriente",
          "oneway": "yes",
          "surface": "concrete"
        }
      },
      "geometry": {
        "type": "LineString",
        "coordinates": [
          [
            -71.654379,
            -35.445575
          ],
          [
            -71.654294,
            -35.445458
          ]
        ]
      }
    },
    {
      "type": "Feature",
      "id": "osm-1419782459",
      "properties": {
        "id": "talca-osm-1419782459",
        "name": "Avenida San Miguel",
        "has_custom_name": true,
        "type": "Infraestructura ciclista sobre calle (segregada / track)",
        "category": "on_street",
        "highway": "trunk",
        "surface": "asphalt",
        "surface_display": "asphalt",
        "segregated": null,
        "segregated_display": "Sin información",
        "oneway": "yes",
        "length_m": 11.6,
        "length_km": 0.01,
        "source": "OpenStreetMap Contributors",
        "source_id": 1419782459,
        "is_demo": false,
        "raw_osm_tags": {
          "alt_name": "Ruta 115 CH",
          "cycleway:right": "track",
          "foot": "no",
          "highway": "trunk",
          "lanes": "2",
          "lit": "yes",
          "maxspeed": "50",
          "name": "Avenida San Miguel",
          "official_name": "Cruce Ruta 5 (Talca) - Paso El Pehuenche",
          "oneway": "yes",
          "ref": "115",
          "source:ref": "Vialidad",
          "surface": "asphalt"
        }
      },
      "geometry": {
        "type": "LineString",
        "coordinates": [
          [
            -71.629201,
            -35.43439
          ],
          [
            -71.62932,
            -35.434352
          ]
        ]
      }
    },
    {
      "type": "Feature",
      "id": "osm-1419782462",
      "properties": {
        "id": "talca-osm-1419782462",
        "name": "Avenida San Miguel",
        "has_custom_name": true,
        "type": "Infraestructura ciclista sobre calle (ciclobanda / lane)",
        "category": "on_street",
        "highway": "trunk",
        "surface": "asphalt",
        "surface_display": "asphalt",
        "segregated": null,
        "segregated_display": "Sin información",
        "oneway": "yes",
        "length_m": 8.0,
        "length_km": 0.01,
        "source": "OpenStreetMap Contributors",
        "source_id": 1419782462,
        "is_demo": false,
        "raw_osm_tags": {
          "alt_name": "Ruta 115 CH",
          "cycleway:right": "lane",
          "foot": "no",
          "highway": "trunk",
          "lanes": "2",
          "lit": "yes",
          "maxspeed": "50",
          "name": "Avenida San Miguel",
          "official_name": "Cruce Ruta 5 (Talca) - Paso El Pehuenche",
          "oneway": "yes",
          "ref": "115",
          "source:ref": "Vialidad",
          "surface": "asphalt"
        }
      },
      "geometry": {
        "type": "LineString",
        "coordinates": [
          [
            -71.629571,
            -35.434275
          ],
          [
            -71.629653,
            -35.434248
          ]
        ]
      }
    },
    {
      "type": "Feature",
      "id": "osm-1421055265",
      "properties": {
        "id": "talca-osm-1421055265",
        "name": "Vía ciclista sin nombre",
        "has_custom_name": false,
        "type": "Vía ciclista dedicada",
        "category": "dedicated",
        "highway": "cycleway",
        "surface": "paved",
        "surface_display": "paved",
        "segregated": null,
        "segregated_display": "Sin información",
        "oneway": "yes",
        "length_m": 20.5,
        "length_km": 0.02,
        "source": "OpenStreetMap Contributors",
        "source_id": 1421055265,
        "is_demo": false,
        "raw_osm_tags": {
          "access": "no",
          "bicycle": "yes",
          "crossing": "marked",
          "cycleway": "crossing",
          "foot": "no",
          "highway": "cycleway",
          "horse": "no",
          "motor_vehicle": "no",
          "oneway": "yes",
          "surface": "paved"
        }
      },
      "geometry": {
        "type": "LineString",
        "coordinates": [
          [
            -71.670373,
            -35.4219
          ],
          [
            -71.670283,
            -35.421907
          ],
          [
            -71.670148,
            -35.421917
          ]
        ]
      }
    },
    {
      "type": "Feature",
      "id": "osm-1421055266",
      "properties": {
        "id": "talca-osm-1421055266",
        "name": "Vía ciclista sin nombre",
        "has_custom_name": false,
        "type": "Vía ciclista dedicada",
        "category": "dedicated",
        "highway": "cycleway",
        "surface": "paved",
        "surface_display": "paved",
        "segregated": null,
        "segregated_display": "Sin información",
        "oneway": "yes",
        "length_m": 470.3,
        "length_km": 0.47,
        "source": "OpenStreetMap Contributors",
        "source_id": 1421055266,
        "is_demo": false,
        "raw_osm_tags": {
          "access": "no",
          "bicycle": "yes",
          "foot": "no",
          "highway": "cycleway",
          "horse": "no",
          "motor_vehicle": "no",
          "oneway": "yes",
          "surface": "paved"
        }
      },
      "geometry": {
        "type": "LineString",
        "coordinates": [
          [
            -71.675531,
            -35.421559
          ],
          [
            -71.675471,
            -35.42153
          ],
          [
            -71.675408,
            -35.42152
          ],
          [
            -71.674183,
            -35.421604
          ],
          [
            -71.673113,
            -35.421689
          ],
          [
            -71.671803,
            -35.421796
          ],
          [
            -71.670539,
            -35.421888
          ],
          [
            -71.670373,
            -35.4219
          ]
        ]
      }
    },
    {
      "type": "Feature",
      "id": "osm-1421929444",
      "properties": {
        "id": "talca-osm-1421929444",
        "name": "Vía ciclista sin nombre",
        "has_custom_name": false,
        "type": "Vía ciclista dedicada",
        "category": "dedicated",
        "highway": "cycleway",
        "surface": null,
        "surface_display": "Sin información",
        "segregated": null,
        "segregated_display": "Sin información",
        "oneway": null,
        "length_m": 69.6,
        "length_km": 0.07,
        "source": "OpenStreetMap Contributors",
        "source_id": 1421929444,
        "is_demo": false,
        "raw_osm_tags": {
          "foot": "yes",
          "highway": "cycleway"
        }
      },
      "geometry": {
        "type": "LineString",
        "coordinates": [
          [
            -71.648799,
            -35.423154
          ],
          [
            -71.64955,
            -35.423108
          ],
          [
            -71.649565,
            -35.423106
          ]
        ]
      }
    },
    {
      "type": "Feature",
      "id": "osm-1423190925",
      "properties": {
        "id": "talca-osm-1423190925",
        "name": "Avenida 12 Norte",
        "has_custom_name": true,
        "type": "Infraestructura ciclista sobre calle (segregada / track)",
        "category": "on_street",
        "highway": "secondary",
        "surface": "concrete",
        "surface_display": "concrete",
        "segregated": null,
        "segregated_display": "Sin información",
        "oneway": "yes",
        "length_m": 61.9,
        "length_km": 0.06,
        "source": "OpenStreetMap Contributors",
        "source_id": 1423190925,
        "is_demo": false,
        "raw_osm_tags": {
          "cycleway:right": "track",
          "highway": "secondary",
          "lanes": "2",
          "lit": "yes",
          "maxspeed": "50",
          "name": "Avenida 12 Norte",
          "oneway": "yes",
          "surface": "concrete"
        }
      },
      "geometry": {
        "type": "LineString",
        "coordinates": [
          [
            -71.65464,
            -35.412557
          ],
          [
            -71.653992,
            -35.412733
          ]
        ]
      }
    },
    {
      "type": "Feature",
      "id": "osm-1423190926",
      "properties": {
        "id": "talca-osm-1423190926",
        "name": "Avenida 12 Norte",
        "has_custom_name": true,
        "type": "Infraestructura ciclista sobre calle (segregada / track)",
        "category": "on_street",
        "highway": "secondary",
        "surface": "concrete",
        "surface_display": "concrete",
        "segregated": null,
        "segregated_display": "Sin información",
        "oneway": "yes",
        "length_m": 20.5,
        "length_km": 0.02,
        "source": "OpenStreetMap Contributors",
        "source_id": 1423190926,
        "is_demo": false,
        "raw_osm_tags": {
          "cycleway:right": "track",
          "highway": "secondary",
          "lanes": "2",
          "lit": "yes",
          "maxspeed": "50",
          "name": "Avenida 12 Norte",
          "oneway": "yes",
          "surface": "concrete"
        }
      },
      "geometry": {
        "type": "LineString",
        "coordinates": [
          [
            -71.654855,
            -35.412499
          ],
          [
            -71.65464,
            -35.412557
          ]
        ]
      }
    },
    {
      "type": "Feature",
      "id": "osm-1423190927",
      "properties": {
        "id": "talca-osm-1423190927",
        "name": "Avenida 12 Norte",
        "has_custom_name": true,
        "type": "Infraestructura ciclista sobre calle (segregada / track)",
        "category": "on_street",
        "highway": "secondary",
        "surface": "concrete",
        "surface_display": "concrete",
        "segregated": null,
        "segregated_display": "Sin información",
        "oneway": "yes",
        "length_m": 97.5,
        "length_km": 0.1,
        "source": "OpenStreetMap Contributors",
        "source_id": 1423190927,
        "is_demo": false,
        "raw_osm_tags": {
          "cycleway:right": "track",
          "highway": "secondary",
          "lanes": "2",
          "lit": "yes",
          "maxspeed": "50",
          "name": "Avenida 12 Norte",
          "oneway": "yes",
          "surface": "concrete"
        }
      },
      "geometry": {
        "type": "LineString",
        "coordinates": [
          [
            -71.655874,
            -35.412217
          ],
          [
            -71.655291,
            -35.412378
          ],
          [
            -71.655247,
            -35.41239
          ],
          [
            -71.654855,
            -35.412499
          ]
        ]
      }
    },
    {
      "type": "Feature",
      "id": "osm-1423779401",
      "properties": {
        "id": "talca-osm-1423779401",
        "name": "Vía ciclista sin nombre",
        "has_custom_name": false,
        "type": "Vía ciclista dedicada",
        "category": "dedicated",
        "highway": "cycleway",
        "surface": null,
        "surface_display": "Sin información",
        "segregated": null,
        "segregated_display": "Sin información",
        "oneway": null,
        "length_m": 807.4,
        "length_km": 0.81,
        "source": "OpenStreetMap Contributors",
        "source_id": 1423779401,
        "is_demo": false,
        "raw_osm_tags": {
          "highway": "cycleway"
        }
      },
      "geometry": {
        "type": "LineString",
        "coordinates": [
          [
            -71.65819,
            -35.411482
          ],
          [
            -71.657922,
            -35.411116
          ],
          [
            -71.657786,
            -35.410934
          ],
          [
            -71.657294,
            -35.410265
          ],
          [
            -71.657209,
            -35.410139
          ],
          [
            -71.656713,
            -35.409478
          ],
          [
            -71.656291,
            -35.408904
          ],
          [
            -71.655843,
            -35.40829
          ],
          [
            -71.655766,
            -35.408168
          ],
          [
            -71.655412,
            -35.407693
          ],
          [
            -71.654964,
            -35.407083
          ],
          [
            -71.654525,
            -35.406478
          ],
          [
            -71.653965,
            -35.405725
          ],
          [
            -71.653839,
            -35.405543
          ],
          [
            -71.653791,
            -35.405462
          ],
          [
            -71.653773,
            -35.405411
          ],
          [
            -71.653718,
            -35.405216
          ]
        ]
      }
    },
    {
      "type": "Feature",
      "id": "osm-1423779402",
      "properties": {
        "id": "talca-osm-1423779402",
        "name": "Vía ciclista sin nombre",
        "has_custom_name": false,
        "type": "Vía ciclista dedicada",
        "category": "dedicated",
        "highway": "cycleway",
        "surface": null,
        "surface_display": "Sin información",
        "segregated": null,
        "segregated_display": "Sin información",
        "oneway": null,
        "length_m": 458.4,
        "length_km": 0.46,
        "source": "OpenStreetMap Contributors",
        "source_id": 1423779402,
        "is_demo": false,
        "raw_osm_tags": {
          "highway": "cycleway"
        }
      },
      "geometry": {
        "type": "LineString",
        "coordinates": [
          [
            -71.65887,
            -35.415589
          ],
          [
            -71.65888,
            -35.415577
          ],
          [
            -71.658883,
            -35.415552
          ],
          [
            -71.658874,
            -35.415434
          ],
          [
            -71.658859,
            -35.415204
          ],
          [
            -71.658844,
            -35.414967
          ],
          [
            -71.658824,
            -35.414736
          ],
          [
            -71.658813,
            -35.414555
          ],
          [
            -71.658711,
            -35.413295
          ],
          [
            -71.658609,
            -35.412116
          ],
          [
            -71.658602,
            -35.412045
          ],
          [
            -71.658598,
            -35.412013
          ],
          [
            -71.658588,
            -35.411991
          ],
          [
            -71.658546,
            -35.411955
          ],
          [
            -71.658481,
            -35.411913
          ],
          [
            -71.658418,
            -35.411867
          ],
          [
            -71.658399,
            -35.41185
          ],
          [
            -71.658351,
            -35.411788
          ],
          [
            -71.658229,
            -35.41158
          ]
        ]
      }
    },
    {
      "type": "Feature",
      "id": "osm-1467661257",
      "properties": {
        "id": "talca-osm-1467661257",
        "name": "Vía ciclista sin nombre",
        "has_custom_name": false,
        "type": "Vía ciclista dedicada",
        "category": "dedicated",
        "highway": "cycleway",
        "surface": null,
        "surface_display": "Sin información",
        "segregated": null,
        "segregated_display": "Sin información",
        "oneway": null,
        "length_m": 2149.1,
        "length_km": 2.15,
        "source": "OpenStreetMap Contributors",
        "source_id": 1467661257,
        "is_demo": false,
        "raw_osm_tags": {
          "highway": "cycleway"
        }
      },
      "geometry": {
        "type": "LineString",
        "coordinates": [
          [
            -71.665919,
            -35.452241
          ],
          [
            -71.666435,
            -35.452132
          ],
          [
            -71.666904,
            -35.452033
          ],
          [
            -71.667313,
            -35.451947
          ],
          [
            -71.667379,
            -35.451933
          ],
          [
            -71.667721,
            -35.451865
          ],
          [
            -71.668101,
            -35.451789
          ],
          [
            -71.668157,
            -35.451778
          ],
          [
            -71.668444,
            -35.451728
          ],
          [
            -71.668471,
            -35.451725
          ],
          [
            -71.668707,
            -35.451699
          ],
          [
            -71.668868,
            -35.451688
          ],
          [
            -71.668946,
            -35.451682
          ],
          [
            -71.669228,
            -35.451673
          ],
          [
            -71.669367,
            -35.451676
          ],
          [
            -71.669608,
            -35.451682
          ],
          [
            -71.669821,
            -35.451701
          ],
          [
            -71.670086,
            -35.451726
          ],
          [
            -71.670275,
            -35.451745
          ],
          [
            -71.670391,
            -35.451756
          ],
          [
            -71.670614,
            -35.451758
          ],
          [
            -71.670707,
            -35.451752
          ],
          [
            -71.670888,
            -35.451739
          ],
          [
            -71.671107,
            -35.451696
          ],
          [
            -71.671148,
            -35.451689
          ],
          [
            -71.671363,
            -35.451623
          ],
          [
            -71.671526,
            -35.451558
          ],
          [
            -71.671556,
            -35.451546
          ],
          [
            -71.671964,
            -35.451383
          ],
          [
            -71.672075,
            -35.451338
          ],
          [
            -71.67211,
            -35.451324
          ],
          [
            -71.672792,
            -35.451051
          ],
          [
            -71.673191,
            -35.45089
          ],
          [
            -71.6734,
            -35.450806
          ],
          [
            -71.67359,
            -35.45073
          ],
          [
            -71.673765,
            -35.45066
          ],
          [
            -71.674163,
            -35.4505
          ],
          [
            -71.674564,
            -35.450339
          ],
          [
            -71.674986,
            -35.45017
          ],
          [
            -71.675564,
            -35.449938
          ],
          [
            -71.675809,
            -35.44984
          ],
          [
            -71.676037,
            -35.449748
          ],
          [
            -71.676174,
            -35.449692
          ],
          [
            -71.676404,
            -35.449592
          ],
          [
            -71.676478,
            -35.449551
          ],
          [
            -71.676647,
            -35.449457
          ],
          [
            -71.676943,
            -35.449287
          ],
          [
            -71.677311,
            -35.449075
          ],
          [
            -71.677642,
            -35.448884
          ],
          [
            -71.678136,
            -35.448599
          ],
          [
            -71.679189,
            -35.447993
          ],
          [
            -71.67949,
            -35.447819
          ],
          [
            -71.679755,
            -35.447666
          ],
          [
            -71.679794,
            -35.447645
          ],
          [
            -71.680084,
            -35.447481
          ],
          [
            -71.680369,
            -35.447319
          ],
          [
            -71.680995,
            -35.446964
          ],
          [
            -71.681042,
            -35.446938
          ],
          [
            -71.681409,
            -35.446726
          ],
          [
            -71.681863,
            -35.446463
          ],
          [
            -71.682196,
            -35.446271
          ],
          [
            -71.682529,
            -35.446079
          ],
          [
            -71.682944,
            -35.445839
          ],
          [
            -71.683328,
            -35.445617
          ],
          [
            -71.683567,
            -35.445479
          ],
          [
            -71.6837,
            -35.445401
          ],
          [
            -71.684058,
            -35.445192
          ],
          [
            -71.684421,
            -35.44498
          ],
          [
            -71.684677,
            -35.44483
          ],
          [
            -71.684758,
            -35.444784
          ],
          [
            -71.685106,
            -35.444589
          ],
          [
            -71.685596,
            -35.444313
          ],
          [
            -71.686138,
            -35.444008
          ],
          [
            -71.686211,
            -35.443964
          ],
          [
            -71.68627,
            -35.443927
          ],
          [
            -71.686285,
            -35.443904
          ],
          [
            -71.686311,
            -35.443883
          ],
          [
            -71.686407,
            -35.443806
          ],
          [
            -71.686543,
            -35.443698
          ],
          [
            -71.686603,
            -35.44365
          ]
        ]
      }
    },
    {
      "type": "Feature",
      "id": "osm-1467661259",
      "properties": {
        "id": "talca-osm-1467661259",
        "name": "Vía ciclista sin nombre",
        "has_custom_name": false,
        "type": "Vía ciclista dedicada",
        "category": "dedicated",
        "highway": "cycleway",
        "surface": null,
        "surface_display": "Sin información",
        "segregated": null,
        "segregated_display": "Sin información",
        "oneway": null,
        "length_m": 2159.2,
        "length_km": 2.16,
        "source": "OpenStreetMap Contributors",
        "source_id": 1467661259,
        "is_demo": false,
        "raw_osm_tags": {
          "highway": "cycleway"
        }
      },
      "geometry": {
        "type": "LineString",
        "coordinates": [
          [
            -71.686754,
            -35.443828
          ],
          [
            -71.686685,
            -35.443871
          ],
          [
            -71.686538,
            -35.443963
          ],
          [
            -71.686432,
            -35.44403
          ],
          [
            -71.686338,
            -35.444089
          ],
          [
            -71.686258,
            -35.444139
          ],
          [
            -71.686218,
            -35.444162
          ],
          [
            -71.686145,
            -35.444203
          ],
          [
            -71.685243,
            -35.444708
          ],
          [
            -71.684888,
            -35.444906
          ],
          [
            -71.684599,
            -35.445073
          ],
          [
            -71.682863,
            -35.446079
          ],
          [
            -71.682034,
            -35.446559
          ],
          [
            -71.68152,
            -35.44685
          ],
          [
            -71.681138,
            -35.447066
          ],
          [
            -71.680599,
            -35.44738
          ],
          [
            -71.680316,
            -35.447544
          ],
          [
            -71.680099,
            -35.447671
          ],
          [
            -71.680004,
            -35.447726
          ],
          [
            -71.679708,
            -35.447897
          ],
          [
            -71.679423,
            -35.448061
          ],
          [
            -71.679198,
            -35.448191
          ],
          [
            -71.678648,
            -35.448509
          ],
          [
            -71.678193,
            -35.448772
          ],
          [
            -71.678175,
            -35.448782
          ],
          [
            -71.678117,
            -35.448818
          ],
          [
            -71.678043,
            -35.448868
          ],
          [
            -71.67798,
            -35.448907
          ],
          [
            -71.676987,
            -35.449495
          ],
          [
            -71.676914,
            -35.449538
          ],
          [
            -71.67658,
            -35.449722
          ],
          [
            -71.676533,
            -35.449747
          ],
          [
            -71.676351,
            -35.449833
          ],
          [
            -71.676154,
            -35.449912
          ],
          [
            -71.675089,
            -35.450341
          ],
          [
            -71.674629,
            -35.450526
          ],
          [
            -71.674216,
            -35.450693
          ],
          [
            -71.673803,
            -35.450859
          ],
          [
            -71.673391,
            -35.451025
          ],
          [
            -71.672975,
            -35.451192
          ],
          [
            -71.672442,
            -35.451407
          ],
          [
            -71.672405,
            -35.451422
          ],
          [
            -71.672236,
            -35.45149
          ],
          [
            -71.672215,
            -35.451498
          ],
          [
            -71.672183,
            -35.451511
          ],
          [
            -71.672074,
            -35.451555
          ],
          [
            -71.672045,
            -35.451567
          ],
          [
            -71.671984,
            -35.451591
          ],
          [
            -71.671623,
            -35.451737
          ],
          [
            -71.67131,
            -35.451843
          ],
          [
            -71.671083,
            -35.451902
          ],
          [
            -71.670796,
            -35.451952
          ],
          [
            -71.670715,
            -35.451959
          ],
          [
            -71.670612,
            -35.451959
          ],
          [
            -71.670329,
            -35.451944
          ],
          [
            -71.669867,
            -35.451895
          ],
          [
            -71.669633,
            -35.451872
          ],
          [
            -71.669426,
            -35.451859
          ],
          [
            -71.669269,
            -35.451857
          ],
          [
            -71.669047,
            -35.451857
          ],
          [
            -71.668905,
            -35.451861
          ],
          [
            -71.668555,
            -35.451885
          ],
          [
            -71.668471,
            -35.451889
          ],
          [
            -71.668347,
            -35.45191
          ],
          [
            -71.66734,
            -35.452098
          ],
          [
            -71.66601,
            -35.45238
          ],
          [
            -71.665977,
            -35.452372
          ],
          [
            -71.665981,
            -35.452342
          ]
        ]
      }
    },
    {
      "type": "Feature",
      "id": "osm-1548953043",
      "properties": {
        "id": "talca-osm-1548953043",
        "name": "Vía ciclista sin nombre",
        "has_custom_name": false,
        "type": "Vía ciclista dedicada (segregada)",
        "category": "dedicated",
        "highway": "cycleway",
        "surface": "concrete",
        "surface_display": "concrete",
        "segregated": "yes",
        "segregated_display": "Segregada físicamente",
        "oneway": null,
        "length_m": 532.4,
        "length_km": 0.53,
        "source": "OpenStreetMap Contributors",
        "source_id": 1548953043,
        "is_demo": false,
        "raw_osm_tags": {
          "foot": "designated",
          "highway": "cycleway",
          "lit": "yes",
          "segregated": "yes",
          "surface": "concrete"
        }
      },
      "geometry": {
        "type": "LineString",
        "coordinates": [
          [
            -71.639932,
            -35.404202
          ],
          [
            -71.640061,
            -35.40426
          ],
          [
            -71.640166,
            -35.404311
          ],
          [
            -71.64281,
            -35.405552
          ],
          [
            -71.643345,
            -35.405815
          ],
          [
            -71.64349,
            -35.405871
          ],
          [
            -71.643809,
            -35.406028
          ],
          [
            -71.644098,
            -35.406179
          ],
          [
            -71.644866,
            -35.406567
          ],
          [
            -71.644951,
            -35.406667
          ]
        ]
      }
    }
  ]
}